Ticker,Volatility,Beta,Risk Percentage,Market Cap,P/E Ratio,Dividend Yield,Current Ratio,52 Week High,52 Week Low
MMM,0.27562828393553873,0.9704116013790018,50.92838196286472,56066539520.0,,0.0276,1.643,106.04,71.36288
AOS,0.2544017247222525,1.0551299779656276,45.88859416445623,11804002304.0,20.903898,0.0159,1.654,89.96,64.14
ABT,0.18941715290993638,0.5225170409486525,50.663129973474796,180956299264.0,32.404984,0.0211,1.596,121.64,89.67
ABBV,0.19578934564403297,0.24731110683415464,45.88859416445623,295341752320.0,49.776787,0.037100002,0.936,182.89,132.7
ACN,0.23112815445288282,1.027500134427814,47.745358090185675,187376517120.0,27.393774,0.0172,1.157,387.51,278.69
ADM,0.30000666265188325,0.6321155558491093,48.275862068965516,30338717696.0,10.708551,0.0326,1.47,87.3,50.72
ADBE,0.34497962936248344,1.576754297416957,48.275862068965516,256435961856.0,52.102703,,1.164,638.25,433.97
AAP,0.47981922647209857,1.1337072466727975,52.51989389920424,3501021440.0,163.11111,0.017,1.217,88.56,47.73
AMD,0.4758349750263273,2.098851080424783,47.745358090185675,277843673088.0,249.13043,,2.639,227.3,93.12
AES,0.3445263079971126,1.2396488578457976,50.132625994694955,12585912320.0,24.260273,0.0382,0.778,22.6,11.43
AFL,0.20106438439104304,0.5247494200988195,43.50132625994695,50600173568.0,9.79648,0.0225,1.531,91.15,69.0
A,0.2693470541141017,0.9854726541091783,49.602122015915114,36869836800.0,29.9455,0.0075,2.147,155.35,96.8
APD,0.26517362186484245,0.7653515641085369,45.88859416445623,56170057728.0,22.824753,0.027999999,1.492,307.71,212.24
AKAM,0.24740487323928492,0.8024125951088611,47.745358090185675,13780118528.0,22.561096,,3.245,129.17,87.59
ALK,0.33096741249608475,1.149575185465277,51.19363395225464,4863770624.0,20.280424,,0.648,57.18,30.75
ALB,0.5111476154655885,1.9139589146940705,51.724137931034484,11558779904.0,35.634056,0.0163,2.839,247.44,92.29
ARE,0.32251442605467534,1.3497736036904064,51.45888594164456,20426336256.0,109.158875,0.044499997,3.002,135.45,90.73
ALGN,0.49679217348949084,1.8743305590710952,50.132625994694955,18338621440.0,40.131794,,1.226,413.2,176.34
ALLE,0.2419301572476861,1.1313422040098393,49.602122015915114,10051308544.0,18.752039,0.0167,1.305,136.91,95.94
LNT,0.19425613021168006,0.507979944238967,50.132625994694955,13226593280.0,18.76,0.0372,0.558,56.26,45.15
ALL,0.24203796349263948,0.4905479199192287,50.132625994694955,41812054016.0,34.74342,0.0232,0.378,177.37,100.57
GOOGL,0.2960106203242372,1.376353003402313,42.44031830238727,2363077951488.0,29.23313,0.0042,2.149,190.86,115.35
GOOG,0.29597321195857845,1.3896364700002344,42.97082228116711,2363066155008.0,29.396631,0.0042,2.149,192.26,115.83
MO,0.16945385533892057,0.4527679824286382,47.745358090185675,79182741504.0,9.644351,0.085,0.475,47.19,39.07
AMZN,0.30489860773341265,1.531311379794111,45.35809018567639,2081319944192.0,55.865925,,1.072,200.55,118.35
AMCR,0.21895721652352532,0.8416476531122881,46.684350132625994,13730729984.0,21.111113,0.052600004,1.285,10.51,8.45
AEE,0.2037993625736481,0.44199016284028836,50.92838196286472,18786899968.0,16.158257,0.038,0.595,88.72,67.03
AAL,0.38443420806956474,1.399619539056698,49.3368700265252,7243233280.0,15.549296,,0.582,19.08,10.86
AEP,0.20266888036576083,0.48715497990362583,50.132625994694955,46312939520.0,16.361267,0.0401,0.536,93.44,69.38
AXP,0.24460576172143147,1.0687132514747528,45.62334217506631,169489367040.0,19.425392,0.0119,1.621,244.41,140.91
AIG,0.2358605546778798,0.8438789038889434,44.03183023872679,49031786496.0,11.043347,0.0217,0.812,80.83,57.02
AMT,0.2554936717499291,0.8270816668263197,50.663129973474796,91358986240.0,44.262444,0.033099998,0.601,219.1,154.58
AWK,0.2124879763368459,0.70464651390136,49.86737400530504,25328939008.0,26.317812,0.0235,0.855,151.22,113.34
AMP,0.2265525110147399,1.17666142189336,46.41909814323608,42923253760.0,14.703981,0.0137,3.108,446.32,306.63
AME,0.18372129463569178,0.8478188930314909,44.56233421750663,38343004160.0,29.163733,0.0068,1.109,186.33,136.89
AMGN,0.23129498116002478,0.5600703271629704,52.254641909814325,166766919680.0,44.474968,0.029000001,1.422,329.72,218.61
APH,0.18460602994770764,1.0254952128526542,46.15384615384615,81694294016.0,41.723927,0.0128999995,2.057,70.84,39.34
ADI,0.27088579751573905,1.2794794363766837,47.214854111405835,114571542528.0,54.0726,0.0159,1.575,241.88,154.99
ANSS,0.2943313455883613,1.2958548697368502,47.48010610079575,28918124544.0,66.6499,,2.804,364.31,258.01
AON,0.19600987541983778,0.5529243180309404,46.15384615384615,64329134080.0,23.150234,0.0091,1.311,344.68,268.06
APA,0.35251043799127396,0.8916105869893087,49.602122015915114,10616091648.0,3.2098765,0.035,1.164,46.15,27.17
AAPL,0.21721953919877302,1.1081632297358275,44.827586206896555,3470720237568.0,35.200623,0.0044,1.037,226.45,164.08
AMAT,0.34103850027914245,1.7131434906735843,48.01061007957559,200858451968.0,27.851894,0.0066000004,2.799,249.42,129.21
APTV,0.34698286564091746,1.3410854786684454,48.80636604774536,19093311488.0,6.5958643,,1.291,113.6,65.13
ANET,0.4373711345889305,1.6697552685078554,43.50132625994695,114734735360.0,50.99443,,5.006,367.25,149.1
AJG,0.18058660999881274,0.5775994379414303,42.97082228116711,57834631168.0,53.794716,0.0091,1.046,266.39,212.39
AIZ,0.24526693478731207,0.553343417554856,44.827586206896555,8384269824.0,11.27044,0.0179,0.398,189.48,124.22
T,0.24668279618327213,0.33824053255174996,48.01061007957559,134584090624.0,10.091398,0.0591,0.679,19.32,13.43
ATO,0.17579173191052827,0.4549082971332978,45.88859416445623,17293520896.0,17.288084,0.028099999,1.358,125.28,101.0
ADSK,0.3030110002126512,1.5763193695353004,46.684350132625994,53418213376.0,53.767895,,0.686,279.53,192.01
ADP,0.19135278261189034,0.6901527769074178,47.745358090185675,96412590080.0,26.319553,0.0238,1.013,256.84,205.53
AZO,0.21367214889032915,0.5473811924179365,46.15384615384615,48088080384.0,19.493109,,0.793,3256.37,2375.35
AVB,0.21166173539740635,0.8512056786412364,46.41909814323608,28902148096.0,30.203568,0.0335,1.185,208.45,160.45
AVY,0.2008948371863946,0.9625813242968739,44.56233421750663,17402755072.0,31.538685,0.0163,0.873,231.53,165.21
BKR,0.2607869504601965,0.740326825095095,46.41909814323608,34374332416.0,19.11732,0.024500001,1.246,37.58,28.32
BAC,0.2489273506305544,1.0655980921587318,49.602122015915114,316021145600.0,13.934483,0.0238,,41.2,24.96
BBWI,0.3957557943086717,1.1285638398805296,51.724137931034484,8257315328.0,9.55814,0.0216,1.57,52.99,27.3
BAX,0.30103898520715466,0.642340835301831,52.785145888594165,17789437952.0,,0.0332,1.477,50.21,31.01
BDX,0.19037946328189015,0.4962845446455419,49.3368700265252,65824010240.0,48.770878,0.0167,1.411,287.32,224.0
BBY,0.28641444737853183,1.0487422437784195,52.785145888594165,17785618432.0,14.464912,0.0456,1.014,93.72,62.3
BIO,0.3328820281422339,0.9054531935211099,50.663129973474796,7932724736.0,,,6.566,431.79,261.59
TECH,0.33286465356516914,0.9944180726271075,52.254641909814325,11257872384.0,57.152,0.0045,4.076,89.91,51.79
BIIB,0.23558079627612694,0.7748250019799002,51.9893899204244,32853960704.0,28.171034,,2.096,282.74,189.44
BLK,0.20686238510790095,1.1912078611486132,48.01061007957559,117483159552.0,20.08128,0.025799999,2.752,845.0,596.18
BK,0.21742572047332567,0.9056462672540901,44.03183023872679,44779220992.0,15.007519,0.028099999,,60.91,39.66
BA,0.2984026426114813,0.8429869093232323,48.80636604774536,113464188928.0,,,1.142,267.54,159.7
BKNG,0.2511965675839476,1.0741457509051406,43.236074270557026,133340160000.0,29.585592,0.0089,1.216,4040.0,2637.0
BWA,0.31000710552934174,1.0019001162320051,44.827586206896555,7135886336.0,10.762886,0.0139999995,1.54,47.05,29.51
BXP,0.39921042103236654,1.5979793761741738,50.92838196286472,10625884160.0,49.426228,0.065,0.921,73.97,50.64
BSX,0.1875744284995745,0.5071341049296175,44.03183023872679,112321748992.0,64.201675,,1.665,77.99,48.35
BMY,0.20503319662200883,0.39178467873394296,53.84615384615385,80394788864.0,,0.060500003,1.11,65.38,39.35
AVGO,0.35894800917822184,1.7130708708296312,46.15384615384615,792870387712.0,73.513596,0.0123000005,1.254,1851.62,795.09
BR,0.19150752105680482,0.8139346654787671,45.62334217506631,23886540800.0,34.491467,0.015800001,1.394,210.24,163.17
BRO,0.19235566624760078,0.7325843484192879,43.76657824933687,25820737536.0,27.93827,0.0057,1.026,93.75,66.73
CHRW,0.28251389954080613,0.7523917418615913,48.80636604774536,10127546368.0,34.05118,0.028199999,1.374,100.88,65.0
CDNS,0.27535601449132413,1.4056436799022858,47.214854111405835,87477747712.0,83.40519,,1.317,328.99,217.77
CZR,0.4391472335960252,2.123993333239806,48.275862068965516,8032850432.0,10.502825,,0.685,60.27,31.74
CPB,0.21432678818234382,0.019873761189180158,52.254641909814325,13470755840.0,18.267206,0.0328,0.619,46.97,37.94
COF,0.2966004698655754,1.2630843488373162,48.275862068965516,51941388288.0,10.6499605,0.0176,,149.94,88.23
CAH,0.21207267425263823,0.29412342852129125,44.56233421750663,23355639808.0,42.429203,0.0211,0.984,116.04,85.12
KMX,0.39307688144430825,1.5125401644728034,49.3368700265252,11172135936.0,28.07059,,2.503,88.22,59.66
CCL,0.47722721988304045,1.970547721593939,48.275862068965516,25777309696.0,24.239435,,0.282,19.74,10.84
CARR,0.29322589777704094,1.286683508316796,43.76657824933687,56979996672.0,44.223778,0.012,1.356,66.499,45.68
CTLT,0.5473764680512991,1.0857175914320207,48.01061007957559,10266995712.0,,,2.505,60.2,31.8
CAT,0.26981150268917503,1.1367087031327132,45.35809018567639,160580550656.0,14.837326,0.0172,1.349,382.01,223.76
CBOE,0.18520298301534013,0.13339464546650387,45.88859416445623,17841479680.0,22.713522,0.012999999,1.333,199.0,135.02
CBRE,0.275998277617904,1.3212057024153414,49.602122015915114,26758121472.0,27.338556,0.0172,1.147,98.65,64.63
CDW,0.24250129700824608,0.957992381717514,46.94960212201592,29070286848.0,27.0375,0.0115,1.261,263.37,182.5
CE,0.2954748481094796,1.351335080031795,47.48010610079575,14436699136.0,7.2467103,0.0212,1.207,172.16,110.76
CNC,0.2515006984477419,0.43596387405460557,50.397877984084886,35418750976.0,13.09073,,1.173,81.42,60.83
CNP,0.18888049742858876,0.49235938020467124,48.01061007957559,19505184768.0,21.471832,0.026199998,1.25,31.57,25.42
CF,0.29990168779297294,0.4839879277849425,50.663129973474796,12820329472.0,11.593388,0.028499998,3.941,87.9,69.33
CRL,0.33838830757384797,1.3907685633122295,52.254641909814325,10284826624.0,23.46181,,1.747,275.0,161.65
SCHW,0.36256953671047004,1.1818853475176443,51.45888594164456,133822038016.0,30.627613,0.0137,0.435,79.49,48.66
CHTR,0.3370797982315714,1.0513977442550224,49.602122015915114,43466813440.0,9.766667,,0.402,458.3,236.08
CVX,0.21385052356991582,0.49885679555155826,48.54111405835544,282202112000.0,14.209024,0.0423,1.23,171.7,139.62
CMG,0.2573558656458476,0.8064207978370677,41.90981432360743,86177710080.0,67.473114,,1.65,69.2614,35.3728
CB,0.19345576984507717,0.37872640202757174,48.01061007957559,102534455296.0,11.222667,0.014400001,0.388,275.41,186.52
CHD,0.1766091476072044,0.21852001010489025,44.297082228116714,26063706112.0,33.73101,0.0106,1.333,110.31,82.25
CI,0.27052061694432,0.4160547145853989,45.62334217506631,90653687808.0,26.178835,0.0175,0.83,365.71,253.95
CINF,0.2455431022220188,0.7730762909549368,49.3368700265252,18128916480.0,7.703062,0.027999999,1.001,124.35,96.86
CTAS,0.18563226087820642,0.91726370198418,42.17506631299735,72213241856.0,49.016525,0.0076,2.379,719.98,474.74
CSCO,0.1903047128813501,0.6908331729503274,46.684350132625994,187943993344.0,15.760136,0.0343,0.895,58.19,44.95
C,0.24303528536435884,1.037636091247939,46.41909814323608,122133381120.0,18.667637,0.033099998,,65.22,38.17
CFG,0.37380002560400555,1.534685676762041,50.663129973474796,16034905088.0,12.67626,0.0477,,37.3,22.77
CLX,0.23736502582977673,0.40226292571995925,50.132625994694955,16544325632.0,68.31795,0.036,0.9,169.14,114.69
CME,0.17753272770478987,0.2544593230559207,46.684350132625994,70716760064.0,22.36902,0.044,1.013,223.8,180.11
CMS,0.19147462281554253,0.41094774174803295,49.602122015915114,17598560256.0,17.966463,0.035,1.347,63.76,49.87
KO,0.12784364443143487,0.3342632098263664,46.41909814323608,274675515392.0,25.606424,0.0304,1.039,64.36,51.55
CTSH,0.22303883756703474,0.8854710198706357,49.86737400530504,33809532928.0,16.306953,0.0176,2.353,80.09,62.14
CL,0.1532353113727471,0.27356139644713606,45.88859416445623,79623806976.0,30.809525,0.020599999,1.061,99.08,67.62
CMCSA,0.23199346560522205,0.8119719891828234,48.80636604774536,148548632576.0,10.04244,0.0328,0.595,47.46,36.43
CMA,0.5308833734550686,1.9495874882456194,50.397877984084886,6620068864.0,9.926441,0.056900002,,57.39,37.4
CAG,0.19516471916683661,0.19903889319271972,54.64190981432361,13500498944.0,14.190954,0.0496,0.947,33.6,25.16
COP,0.25936034699266175,0.5469596678157467,50.663129973474796,131043098624.0,12.7319,0.028900001,1.35,135.18,102.75
ED,0.17388765574415177,0.32573028737140897,48.01061007957559,30872690688.0,17.036259,0.0372,0.988,98.85,80.46
STZ,0.19781934787037317,0.7087182351650517,46.15384615384615,47219974144.0,19.309986,0.0156,1.226,274.87,227.5
CPRT,0.20788511487023417,1.0622745114581396,41.37931034482759,52175798272.0,37.916084,,7.364,58.58,42.41
GLW,0.22577840362671955,0.8375105352470295,48.01061007957559,32928434176.0,53.388885,0.0291,1.67,40.46,25.26
CTVA,0.28711859428560044,0.7765396941695276,49.3368700265252,36549419008.0,52.969696,0.012200001,1.515,58.76,43.22
COST,0.18896511320728426,0.8284300922818266,40.318302387267906,392648523776.0,54.942303,0.0052,0.941,886.94,525.06
CTRA,0.2625371279879012,0.7224577012786264,48.01061007957559,19521232896.0,15.249999,0.032,1.492,29.89,23.73
CCI,0.2596735925159344,0.9143012943654029,52.254641909814325,41744625664.0,30.021875,0.0652,0.418,119.5,84.72
CSX,0.19069617857514198,0.788086283882871,49.3368700265252,65099169792.0,18.19672,0.014400001,1.148,40.12,29.03
CMI,0.23533449295383013,0.8837927450307909,46.684350132625994,36469653504.0,19.576359,0.0252,1.337,304.25,212.8
CVS,0.2824803589008693,0.4659484047542784,50.663129973474796,71079043072.0,9.933333,0.047,0.81,83.25,52.77
DHI,0.294067807303212,1.1937864521459849,44.827586206896555,44641533952.0,9.2532425,0.0089,5.256,165.75,100.08
DHR,0.23754105811855028,0.9048223986054027,46.94960212201592,177209360384.0,43.899086,0.0045,1.848,269.11,182.09
DRI,0.18258612148171482,0.5490642245167625,47.214854111405835,17333313536.0,17.0446,0.038599998,0.375,176.84,133.36
DVA,0.3391806926713322,0.6830691084570408,46.94960212201592,11967019008.0,15.488081,,1.426,147.93,71.51
DE,0.2513080829959311,0.8691508097813556,48.54111405835544,99213459456.0,10.847545,0.0163,2.035,450.0,353.15
DAL,0.2966155454443453,1.1623147563691811,45.35809018567639,29697306624.0,5.9,0.012999999,0.407,53.86,30.6
XRAY,0.27383190363363646,0.9117623083155014,48.01061007957559,5099417600.0,,0.026099999,1.43,41.65,24.27
DVN,0.30249210063152704,0.857033830053737,49.3368700265252,29722959872.0,8.958095,0.0436,1.04,55.09,40.47
DXCM,0.3896676995002043,0.9177200476567379,46.94960212201592,45212696576.0,74.30719,,2.898,142.0,74.75
FANG,0.27541330776933126,0.6528417182447588,45.35809018567639,36298354688.0,11.466478,0.045500003,0.92,211.96,132.21
DLR,0.300711617518392,1.2590893361012887,46.41909814323608,50140266496.0,41.834255,0.0322,1.026,154.18,113.2
DFS,0.3417961389888676,1.2012207177643324,45.62334217506631,32299706368.0,14.6133795,0.0217,1.096,133.78,79.04
DG,0.34711855304637235,0.43780669194766914,50.397877984084886,28190539776.0,18.688046,0.0184,1.219,173.47,101.09
DLTR,0.30738795729381013,0.6947882961293061,50.397877984084886,22930225152.0,,,1.279,154.96,101.85
D,0.24038875219590042,0.49601759421845326,49.3368700265252,41164541952.0,21.25974,0.0544,1.05,54.74,39.18
DPZ,0.2770493223568026,0.683073096085534,47.48010610079575,17221400576.0,32.248856,0.012200001,1.755,542.75,330.05
DOV,0.21680779127472866,1.0832148936326818,45.88859416445623,24281131008.0,16.972141,0.0115,1.31,188.64,127.25
DOW,0.20785007841523573,0.8657913901449124,46.94960212201592,36728451072.0,31.089287,0.053600002,1.8,60.69,47.26
DTE,0.19324714592542,0.44743364418172143,48.01061007957559,22715473920.0,17.96563,0.0372,0.754,117.45,90.14
DUK,0.1737983126133608,0.356168533287936,49.3368700265252,77609091072.0,17.989265,0.040799998,0.778,104.87,83.06
DD,0.2598146811023469,0.93646234692572,48.275862068965516,33026033664.0,85.85869,0.019199999,2.331,82.63,61.14
DXC,0.4408923079188988,1.451620906695201,45.88859416445623,3313417472.0,39.95652,,1.169,28.89,14.79
EMN,0.25816229834240245,1.0818455699767393,47.745358090185675,11113105408.0,12.1778345,0.0343,1.39,105.98,68.89
ETN,0.25804261143173973,1.196855178192449,42.44031830238727,126913724416.0,37.46989,0.0117999995,1.557,345.19,191.82
EBAY,0.26930942904835314,1.0415662881499816,48.54111405835544,26540738560.0,10.552894,0.020399999,1.989,55.35,37.17
ECL,0.19836879387037643,0.7659399648224375,45.35809018567639,68019916800.0,44.02773,0.0095999995,1.408,245.93,156.72
EIX,0.21158472532866965,0.6362523161688415,48.80636604774536,27856117760.0,31.894274,0.0431,0.996,77.04,58.82
EW,0.28026394586064446,1.0122204340456895,50.132625994694955,55632031744.0,39.793106,,3.755,96.12,60.57
EA,0.19327590119540683,0.6206860355104288,47.48010610079575,36740521984.0,29.605993,0.0055,1.374,144.53,117.47
LLY,0.2772465280188005,0.4444593681307486,42.44031830238727,823483367424.0,135.09158,0.0057,1.354,918.5,434.34
EMR,0.229472162550469,0.9310517435363117,48.275862068965516,62622060544.0,32.57738,0.019199999,1.175,116.76,83.1
ENPH,0.6087479506808711,2.0002802656588163,51.45888594164456,13217160192.0,50.072163,,4.156,192.22,73.49
ETR,0.19703273670101548,0.5475120279475143,49.3368700265252,22500392960.0,10.558117,0.0429,0.691,114.28,87.1
EOG,0.26788155026210747,0.6528337532546116,49.07161803713528,71804387328.0,9.884494,0.0291,2.323,139.67,108.94
EFX,0.2913727057526571,1.4058876170179293,44.827586206896555,29943529472.0,54.07143,0.0064,0.734,275.1,159.95
EQIX,0.2543897739410451,1.0527755736387603,48.54111405835544,71605395456.0,75.75201,0.0226,1.095,914.93,677.8
EQR,0.21410365789151672,0.8785344154182555,45.35809018567639,25720829952.0,29.004276,0.0398,0.308,69.65,52.57
ESS,0.24194496662682094,1.002851987230237,46.684350132625994,18095220736.0,33.24054,0.036,0.89,284.77,203.85
EL,0.40879694975764186,1.2073015494944037,53.58090185676393,38133280768.0,59.747192,0.0248,1.576,197.41,102.22
ETSY,0.4500927043817479,1.4262316672243842,55.437665782493376,6834734080.0,26.689497,,2.485,102.81,56.6
EVRG,0.1991092982938904,0.49221185059652595,48.80636604774536,12144848896.0,17.149351,0.048699997,0.573,61.84,46.92
ES,0.2470199001448379,0.6454769684160304,51.19363395225464,20173643776.0,,0.0499,0.767,74.81,52.03
EXC,0.20583270707553813,0.43352035658484067,49.602122015915114,34311030784.0,14.725323,0.044299997,1.03,43.53,33.35
EXPE,0.41739426713283495,1.2556857851160823,46.94960212201592,16374739968.0,23.455408,,0.793,160.05,92.48
EXPD,0.2202936436177281,0.9519758978719912,48.275862068965516,17437558784.0,26.099365,0.0117999995,1.847,131.17,107.03
EXR,0.3034151933973358,1.0622092157829366,50.132625994694955,34029742080.0,35.981354,0.042,1.611,164.99,101.19
XOM,0.2280804826511771,0.44249014220750166,48.54111405835544,508569878528.0,13.893383,0.0335,1.382,123.75,95.77
FFIV,0.21163162267531574,1.064267570956795,47.48010610079575,10059474944.0,20.628607,,1.299,199.49,142.81
FAST,0.21398408237742392,0.8756810395581762,47.745358090185675,36162068480.0,31.267326,0.0247,4.834,79.04,53.83
FRT,0.2226338339426918,0.8666356497108745,47.745358090185675,8425257984.0,35.871887,0.0433,1.09,107.61,85.59
FDX,0.2836404413673978,0.9320759291266826,49.3368700265252,72347811840.0,17.093023,0.0188,1.363,302.41,224.69
FIS,0.30851666938188316,1.0859403861147585,49.07161803713528,41952448512.0,104.74999,0.0233,1.518,78.73,46.91
FITB,0.3490718030549743,1.4222439092392862,47.214854111405835,24506099712.0,11.468152,0.038900003,,39.14,22.49
FE,0.19016618634032487,0.46645103748839045,47.48010610079575,22203410432.0,20.412699,0.044099998,0.648,40.65,32.18
FISV,0.16238325852620566,0.6527110502327265,42.391304347826086,,,,,159.99,109.115
FMC,0.3996344327271546,0.9658290671696697,51.19363395225464,6879968256.0,5.653333,0.0421,1.463,97.63,49.49
F,0.3386266341558953,1.3452795709141616,46.684350132625994,51021410304.0,13.237113,0.0467,1.168,15.42,9.63
FTNT,0.376663510236995,1.1919352311917137,46.15384615384615,46668972032.0,39.66883,,1.2,81.24,44.12
FTV,0.21414272633578899,0.9849799692186131,46.94960212201592,25490419712.0,28.734129,0.0044,1.503,87.1,63.05
FOXA,0.22630064847371034,0.662146239611328,47.48010610079575,15560201216.0,10.895899,0.0150999995,3.238,35.405,28.285
FOX,0.22228996836439854,0.6786149092103225,48.01061007957559,15560197120.0,10.14511,0.0162,3.238,33.24,25.815
BEN,0.27296403359909255,1.3196998364421981,50.92838196286472,11621350400.0,12.768786,0.0561,5.137,30.32,21.57
FCX,0.3510742619809836,1.3105141750993576,51.724137931034484,74007961600.0,45.19298,0.0116,2.354,55.24,32.83
GPS,0.5760673588243815,1.6767357436751,48.80636604774536,8727809024.0,12.927778,0.025799999,1.496,30.59,8.9
GRMN,0.23145072668456845,0.857919193192574,45.09283819628647,31103188992.0,22.839209,0.0185,4.043,171.64,99.61
IT,0.24783422120368095,1.0976909805560946,42.97082228116711,35089760256.0,44.842262,,0.914,486.54,323.61
GNRC,0.4931245534456114,1.9874247668888505,44.56233421750663,8516323328.0,38.91967,,2.287,156.95,79.86
GD,0.17116059074060774,0.4527418719006192,48.80636604774536,77282852864.0,22.994286,0.0202,1.441,302.75,212.58
GE,0.25747125587743186,1.0029485977515022,41.644562334217504,175684911104.0,42.236843,0.0069999998,1.166,170.8,84.22187
GIS,0.187537385394615,-0.009156729458315594,52.785145888594165,35096219648.0,14.589328,0.0382,0.651,77.63,60.33
GM,0.31332604894677923,1.202411367874772,45.88859416445623,53050945536.0,5.680098,0.010299999,1.16,49.35,26.3
GPC,0.24423330963386627,0.8057194595552857,47.48010610079575,18450153472.0,14.765885,0.030199999,1.135,170.57,126.35
GILD,0.22689033999158473,0.3998303407134997,51.724137931034484,83085737984.0,185.25,0.0462,1.079,87.87,62.07
GPN,0.29511682945095324,1.2454873015867456,51.19363395225464,24560154624.0,19.129225,0.0104,0.92,141.78,91.6
GL,0.5367857734926745,0.3454475773262658,46.41909814323608,7518135296.0,7.789675,0.0117999995,0.505,132.0,38.95
GS,0.2266174981927972,0.98948674539136,46.94960212201592,149864677376.0,18.118908,0.023699999,1.548,471.48,289.36
HAL,0.3232665771515599,0.8623875678643291,47.48010610079575,29303461888.0,11.493054,0.020499999,2.124,43.85,32.6
HBI,0.5705106560029568,1.425915300037682,49.86737400530504,1673440000.0,,,1.592,5.86,3.54
HAS,0.34492097309940406,1.14158658671273,49.3368700265252,7878233600.0,,0.0495,1.113,73.58,42.66
HCA,0.2266376989670507,0.8033218721413702,44.827586206896555,83891052544.0,15.975062,0.0082,1.163,344.2,215.96
HSIC,0.22540211637372068,0.7027810885950972,53.315649867374006,8318192640.0,21.872053,,1.747,82.63,60.01
HES,0.28790093452437016,0.6434621524319375,45.09283819628647,45255491584.0,22.527609,0.0119,1.228,167.75,131.61
HPE,0.31301519899236724,1.1563747035466339,49.86737400530504,26708217856.0,14.999999,0.0253,0.902,22.82,14.465
HLT,0.20666752074477648,0.9559360598205314,41.11405835543766,53612363776.0,46.50976,0.0028,0.843,218.83,146.0
HOLX,0.18622143143382283,0.5917209649068502,48.80636604774536,17293234176.0,38.195873,,3.969,82.45,64.02
HD,0.21058367736279274,1.0100162672895034,47.745358090185675,331774197760.0,22.424932,0.0269,1.339,396.87,274.26
HON,0.1726927454693369,0.7996600362329047,47.745358090185675,138207723520.0,24.564814,0.020399999,1.664,218.36,174.88
HRL,0.25170925685576184,0.35751525540708157,51.19363395225464,16608159744.0,21.635715,0.0373,1.725,41.73,28.51
HST,0.2567511887041537,1.1502683907307774,46.684350132625994,12493795328.0,17.137255,0.0458,6.367,21.31,14.92
HWM,0.25955335651568606,1.0287299478094818,41.37931034482759,32164823040.0,38.067635,0.0023999999,1.967,85.52,42.94
HPQ,0.2795409625756533,0.9140813596941788,48.01061007957559,33887533056.0,11.699325,0.0318,0.749,39.52,25.22
HUM,0.3044079981937534,0.21277740447343865,48.54111405835544,44443181056.0,22.724585,0.0095999995,1.666,530.54,298.61
HBAN,0.33008162542428643,1.2799416072449539,49.3368700265252,18608371712.0,11.567568,0.048299998,,14.3,9.25
HII,0.21936545686714962,0.5632811797676107,46.94960212201592,9585052672.0,13.71727,0.0214,0.961,299.5,199.11
IBM,0.19320727784348005,0.6253624450691424,44.56233421750663,161692499968.0,19.956917,0.038,1.132,199.18,131.7
IEX,0.1965575677350645,0.7722526621054112,50.663129973474796,14737137664.0,25.583443,0.014199999,3.375,246.36,183.77
IDXX,0.29544696529362563,1.4693926985099115,48.54111405835544,40137424896.0,47.184464,,1.57,583.39,372.5
ITW,0.18566987794892195,0.8885259343926154,44.827586206896555,69568978944.0,22.99211,0.024,1.315,271.15,217.5
ILMN,0.44249755292082915,1.3984883203590333,53.58090185676393,17287235584.0,,,1.752,190.31128,86.575874
INCY,0.2457937602733476,0.3720342629245068,53.05039787798409,11294641152.0,17.372728,,3.472,67.36,50.27
IR,0.24062113467885968,1.1470827990856065,45.35809018567639,36885078016.0,45.462685,0.00090000004,2.323,96.67,59.2
INTC,0.3843080652315036,1.3426475621599205,45.35809018567639,136304975872.0,33.010307,0.0156,1.566,51.28,29.73
ICE,0.17640335275622862,0.7980089276121867,46.41909814323608,80755032064.0,32.365517,0.0128,1.006,141.59,104.49
IFF,0.349746836182999,1.0885459164394706,48.54111405835544,24332398592.0,,0.0168,1.677,99.91,62.11
IP,0.29639414982523754,0.7100412105844467,48.54111405835544,14872756224.0,80.79246,0.0432,1.676,47.4,30.78
IPG,0.2551273748873593,0.8698327595034488,50.663129973474796,10696196096.0,10.085409,0.0466,1.062,40.91,27.2
INTU,0.2857867993280447,1.5314957611630564,45.62334217506631,187124940800.0,61.74977,0.0054,1.499,676.62,447.01
ISRG,0.2773772654726612,1.2258414623675078,44.03183023872679,157404332032.0,79.95676,,5.551,448.1,254.85
IVZ,0.312511944684657,1.411266218713755,48.80636604774536,6711478784.0,,0.055,6.345,18.71,12.48
IPGP,0.3616979828365224,1.255487580858052,48.54111405835544,3844133376.0,21.686375,,9.523,141.85,80.27
IQV,0.2664131964879766,1.2416232781219918,49.3368700265252,37915820032.0,28.390179,,0.876,261.73,167.42
IRM,0.22870222518370897,1.0798501790063744,42.17506631299735,26850981888.0,138.78787,0.028399998,0.855,92.73,56.51
JBHT,0.2580792022728539,0.9992685640095859,51.19363395225464,16335052800.0,25.125395,0.0109,1.263,219.51,153.12
JKHY,0.2437687172147817,0.8833039640286803,46.94960212201592,11887074304.0,31.418112,0.0135,1.393,178.37,136.57
J,0.2130012328487955,0.8651118200925495,46.684350132625994,17121626112.0,26.296156,0.0085,1.169,154.5,120.71
SJM,0.20673059957966688,0.15013628603744508,54.64190981432361,11695922176.0,15.412342,0.038599998,0.523,153.94,105.69
JNJ,0.15897690622714603,0.2788172280319509,50.397877984084886,352530497536.0,21.797619,0.0339,1.17,175.97,143.13
JCI,0.25735177954043165,1.0484451535952957,43.50132625994695,44994822144.0,27.040485,0.0222,0.873,74.23,47.9
JPM,0.201191072331242,0.7883271070121087,43.236074270557026,588089262080.0,12.359082,0.0225,,210.38,135.19
JNPR,0.26608884022450496,0.4957786263290325,46.684350132625994,11933559808.0,53.217392,0.024,1.744,38.04,24.87
K,0.18819276508805582,0.19554382386179356,49.86737400530504,19275419648.0,23.889832,0.0397,0.624,64.06573,47.63
KEY,0.4907409831163766,1.8307003535130364,49.602122015915114,13152897024.0,17.884615,0.0588,,15.86,9.46
KEYS,0.27692701916389667,1.1391482751703164,50.132625994694955,23972933632.0,29.923748,,1.99,172.72,118.57
KMB,0.16146390075773565,0.317751759196461,47.745358090185675,46563483648.0,25.374311,0.0353,0.814,142.2,116.32
KIM,0.26204182512125584,1.0317236859045296,50.397877984084886,12996956160.0,36.37736,0.0498,1.495,22.84,16.34
KMI,0.167373437959422,0.595668356676766,47.48010610079575,44143464448.0,18.247705,0.057800002,0.504,20.19,15.89
KLAC,0.3421565194247861,1.7924432486002417,47.745358090185675,115145474048.0,44.845833,0.0068,2.137,876.55,440.15
KHC,0.18436382808843318,0.24335107177705861,50.663129973474796,38966886400.0,14.013101,0.0499,1.087,38.96,30.68
KR,0.2033626633963758,0.22477040505186635,45.62334217506631,37417644032.0,17.692833,0.0247,0.865,58.34,42.1
LHX,0.21050492576067356,0.518355887128084,49.3368700265252,42501599232.0,36.375004,0.0207,0.98,228.13,160.25
LH,0.1902243719466022,0.6636306675053604,46.41909814323608,17244784640.0,43.713676,0.014099999,0.877,234.09,191.97
LRCX,0.3490842165220489,1.761408450771401,48.80636604774536,142220066816.0,39.99265,0.0074,2.819,1101.81,574.42
LW,0.29142025299074653,0.5540859306583984,48.01061007957559,11897819136.0,10.972037,0.0175,1.189,117.382,77.41
LVS,0.2913467322048417,0.9548384193795232,50.397877984084886,31359027200.0,20.333334,0.019,1.302,61.25,41.94
LEG,0.38641593996998186,0.8294290439839231,57.02917771883289,1459652096.0,,0.0184,1.566,31.14,10.11
LDOS,0.23334343129049603,0.5156211784389207,47.48010610079575,19674697728.0,62.18376,0.0104,1.346,151.32,87.73
LEN,0.28312001130718295,1.2691493480693077,44.827586206896555,38862401536.0,9.71594,0.0139999995,11.247,172.59,102.9
LNC,0.40749115521066115,1.8336858136667584,47.48010610079575,5248733696.0,4.1829267,0.0583,4.183,33.33,20.85
LIN,0.18219641086774108,0.6670608231821981,45.88859416445623,209457577984.0,33.776745,0.0128,0.911,477.71,361.02
LYV,0.3077391231391563,1.2669157232709265,44.56233421750663,22065774592.0,87.46788,,0.92,107.24,76.48
LKQ,0.23723908662476262,0.8337413574058559,50.132625994694955,11057865728.0,13.370969,0.029000001,1.701,59.38,39.72
LMT,0.1663768078626878,0.21059408217125336,49.07161803713528,109965426688.0,16.922739,0.0273,1.297,479.5,393.77
L,0.16855531609607627,0.5932247037406906,44.297082228116714,16330906624.0,10.959882,0.0034,0.49,78.55,59.37
LOW,0.2286719451183238,1.047279235557854,49.3368700265252,121882009600.0,17.1249,0.0215,1.166,262.49,181.85
LUMN,0.7838736101299567,1.8610610973888928,51.45888594164456,1045491200.0,,,1.031,2.18,0.78
LYB,0.20925321360566398,0.7732843649212794,48.01061007957559,30471708672.0,14.441359,0.0573,2.115,107.02,88.46
MTB,0.3141547030302598,1.1595052951173657,49.3368700265252,24442443776.0,9.897973,0.0369,,156.65,108.53
MRO,0.3225396860670199,0.7796470425194789,47.745358090185675,15767780352.0,11.644628,0.0156,0.547,30.06,21.81
MPC,0.29429504106739934,0.6290250651614192,44.56233421750663,60156821504.0,8.490303,0.019299999,1.435,221.11,117.15
MKTX,0.37095228885065734,1.0744085976396602,51.9893899204244,7755600384.0,30.051394,0.0145000005,19.389,297.97,192.42
MAR,0.22484227339223303,1.0051189850625661,45.09283819628647,68829192192.0,24.868938,0.0105,0.422,260.57,180.75
MMC,0.15743908441061275,0.5811704987876105,43.50132625994695,105403514880.0,27.181704,0.013300001,1.141,216.89,184.02
MLM,0.24119150484083135,1.1642662766283332,42.44031830238727,33084760064.0,15.772553,0.0055,3.162,626.67,389.9
MAS,0.2621282490360756,1.2275909001214398,47.214854111405835,14249786368.0,15.857842,0.0179,1.737,78.94,47.66
MA,0.1627779317069483,0.8229720219046449,45.09283819628647,417852620800.0,35.702145,0.0058999998,1.09,490.0,359.77
MTCH,0.38982157303284526,1.2015696539427485,52.254641909814325,7815952384.0,12.903509,,2.409,49.24,27.655
MKC,0.24849174811002053,0.3676598635158732,48.275862068965516,19016253440.0,25.868612,0.023699999,0.693,90.45,59.13
MCD,0.15062353592945077,0.4724299502139772,48.80636604774536,180956037120.0,21.314941,0.026600001,0.83,302.39,245.73
MCK,0.1878625147789523,0.13299454582817133,45.09283819628647,76238938112.0,26.251005,0.0042,0.916,612.17,395.3
MDT,0.20236020212569272,0.6217589675533433,48.54111405835544,99516973056.0,28.119566,0.0361,2.033,91.0,68.84
MRK,0.18886488655186284,0.26890272882663885,46.41909814323608,320273809408.0,140.5,0.024400001,1.253,134.63,99.14
MET,0.24475733861101237,0.8766314023790389,46.684350132625994,49423048704.0,24.048443,0.031400003,1.527,74.68,57.21
MTD,0.30385991458816825,1.1086173160223174,48.80636604774536,28748767232.0,37.737034,,1.07,1535.86,928.5
MGM,0.315419628161908,1.4101115081482247,46.684350132625994,13500787712.0,16.427483,,1.508,51.35,34.12
MCHP,0.32514137497687257,1.618853174888931,48.54111405835544,49468678144.0,26.47701,0.0196,1.196,100.57,68.75
MU,0.3933421849052351,1.5149669162012447,49.3368700265252,145923342336.0,,0.0034999999,3.409,157.54,60.58
MSFT,0.23208346647434552,1.2331176097884184,44.827586206896555,3475050856448.0,40.481384,0.0064,1.242,468.35,309.45
MAA,0.2248076551481257,0.9669174296483705,51.19363395225464,16650309632.0,29.098534,0.0424,0.096,158.46,115.56
MRNA,0.5089000283760449,1.0948653826395853,52.51989389920424,45344956416.0,,,4.034,170.47,62.55
MHK,0.34803437365496914,1.4733015690510294,50.663129973474796,6950221312.0,,,1.834,131.19,76.02
TAP,0.22723421819188228,0.45972941962899794,50.92838196286472,10620199936.0,9.9760475,0.0352,0.693,70.9,49.19
MDLZ,0.17135035036691346,0.41817211479199595,47.48010610079575,89844293632.0,21.331211,0.0254,0.768,77.2,60.75
MPWR,0.467245500579837,2.133625691591208,46.94960212201592,40964788224.0,99.958435,0.0058999998,6.337,856.3,392.1
MNST,0.20457380590264074,0.6686684528159148,48.01061007957559,49025294336.0,31.48734,,4.912,61.23,47.13
MCO,0.20800535826080105,1.171627540491886,42.97082228116711,78934564864.0,47.189957,0.007900001,1.421,432.78,298.86
MS,0.24446267336698796,1.059810360297986,46.94960212201592,161849671680.0,18.107271,0.0341,1.967,103.25,69.42
MSI,0.18196050875562358,0.7413876056686178,43.50132625994695,64524890112.0,47.820766,0.0101,1.193,391.65,269.65
MSCI,0.29661259375838717,1.2323924331397342,51.19363395225464,39234990080.0,33.78172,0.0128999995,0.997,617.39,439.95
NDAQ,0.22370325176793998,0.8366909832478188,46.41909814323608,34811064320.0,32.28877,0.0159,0.99,64.25,46.88
NTAP,0.2858456641737753,1.0481658676004808,46.684350132625994,26566979584.0,27.881208,0.0156,1.193,131.02,70.82
NFLX,0.3555802753682359,1.3128480131248423,46.94960212201592,297601794048.0,47.862095,,1.068,697.49,344.73
NWL,0.48009962229993924,1.3466688007232164,52.51989389920424,2515875584.0,,0.0462,1.151,11.61,5.97
NEM,0.3447678788727948,0.5660523983283398,49.602122015915114,51326259200.0,,0.0225,2.154,45.92,29.42
NWSA,0.25239113255791434,1.0484614322663917,46.94960212201592,15799515136.0,74.27027,0.0073,1.357,28.0,19.09
NWS,0.2533179501156522,1.07043549993154,46.684350132625994,15799498752.0,76.567566,0.0070999996,1.357,28.92,19.36
NEE,0.2746396747249855,0.6635571032377799,48.54111405835544,148111065088.0,19.69672,0.0286,0.511,80.47,47.15
NKE,0.3038582957586031,0.9250714969445532,51.9893899204244,113851023360.0,20.22252,0.0196,2.396,123.39,74.29
NI,0.19441031782763363,0.5010686278140017,46.15384615384615,12794625024.0,18.532469,0.037100002,0.659,29.44,22.86
NSC,0.23161896002567195,0.9127564656595477,47.745358090185675,48765796352.0,34.70418,0.025,0.683,263.66,183.09
NTRS,0.2989469737549814,1.2704789668839271,48.275862068965516,17007732736.0,18.350992,0.0361,,89.25,62.44
NOC,0.21094346101180017,0.18075631426801728,49.602122015915114,64400904192.0,30.294773,0.019,1.127,496.89,414.56
NCLH,0.5090193675934181,1.7854633141055742,48.80636604774536,7499636224.0,21.580246,,0.241,22.75,12.71
NRG,0.2912296156703351,0.895027957211776,42.44031830238727,16086008832.0,11.007133,0.0211,1.01,87.58,35.98
NUE,0.30520416008982315,1.1132925065356127,48.80636604774536,36884983808.0,9.044091,0.0139999995,4.016,203.0,140.07
NVDA,0.496606569165014,2.2183444790497786,42.17506631299735,3095204200448.0,73.58479,0.00029999999,3.529,140.76,39.23
NVR,0.2299573627080265,1.030961768992475,44.56233421750663,23246913536.0,15.456004,,6.725,8211.4,5210.49
NXPI,0.31172837786985297,1.595387019438585,44.297082228116714,69939806208.0,25.257618,0.0148,2.355,286.87,167.21
ORLY,0.2021276476883348,0.44660661323980044,41.90981432360743,60473634816.0,26.041592,,0.71,1169.11,860.1
OXY,0.25157311855042847,0.6195447750775375,50.663129973474796,54785302528.0,17.858381,0.014199999,0.947,71.19,55.12
ODFL,0.32523791953419773,1.2774733663643911,45.88859416445623,39713177600.0,32.17782,0.0057,2.295,227.8,165.49
OMC,0.22447195450595714,0.7400910136960955,46.94960212201592,17409642496.0,12.029771,0.0315,0.927,99.23,72.2
OKE,0.21732254058537775,0.7590350914095932,42.44031830238727,48004964352.0,19.444445,0.0481,0.703,83.31,60.58
ORCL,0.3098728899479072,1.1979176832057103,44.03183023872679,399131213824.0,39.037735,0.011,0.715,145.79,99.26
OTIS,0.17982578214138187,0.900658348684685,43.50132625994695,39170813952.0,27.999998,0.0161,0.972,100.84,73.32
PCAR,0.22777347567504094,0.9128918975293234,44.56233421750663,52529811456.0,10.407062,0.012,4.703,125.5,80.94
PKG,0.22825536480460515,0.7719280965230862,48.54111405835544,15945431040.0,22.16854,0.028199999,2.46,191.39,130.91
PH,0.25679671976248775,1.2281652029548218,44.827586206896555,64977473536.0,23.754698,0.0128999995,0.868,570.15,362.49
PAYX,0.20720364809565117,0.8384058894168095,45.88859416445623,42310053888.0,25.169165,0.0334,1.366,129.7,106.27
PAYC,0.4732593182055922,1.3313803693277562,45.62334217506631,8249295872.0,17.333336,0.0106,1.12,374.04,139.69
PYPL,0.35841406900807676,1.4464229189821685,45.88859416445623,62511943680.0,15.0528965,,1.278,76.54,50.25
PENN,0.5283558416836942,1.6878408221444927,52.785145888594165,2990990592.0,,,1.041,29.38,13.5
PNR,0.26974731379195666,1.2785324342259818,43.76657824933687,12350599168.0,19.732096,0.0124,1.902,85.84,57.18
PEP,0.15711756456958542,0.30540680984144297,50.397877984084886,226001731584.0,24.75753,0.033,0.86,192.38,155.83
PFE,0.2342154759780357,0.405369939137127,54.64190981432361,158947852288.0,,0.059899997,1.047,37.8,25.2
PM,0.16219434578967998,0.5007381277807972,48.275862068965516,158751670272.0,19.945314,0.0509,0.942,104.9,87.23
PSX,0.26743804372605273,0.48471414832573,45.09283819628647,58674954240.0,10.63797,0.0332,1.172,174.08,98.65
PNW,0.20342484740127967,0.4735462178731267,47.745358090185675,8613449728.0,16.525053,0.0464,0.583,86.03,65.2
PNC,0.2879843024796436,1.189426817246767,46.684350132625994,62276423680.0,13.141058,0.040900003,,162.24,109.4
POOL,0.30603495395234054,1.3395026601382356,49.602122015915114,11490207744.0,23.420313,0.016,1.881,422.73,298.07
PPG,0.22333690296523656,1.1046108762522222,46.41909814323608,29366435840.0,21.082493,0.0208,1.552,152.89,120.33
PPL,0.18177944608984953,0.5335260513516669,47.48010610079575,20221480960.0,26.61165,0.0376,1.279,29.89,22.2
PFG,0.238027913023378,0.9891878374772582,48.80636604774536,18368673792.0,14.648599,0.036199998,1.462,86.79,66.21
PG,0.1421544664346412,0.31952469135366407,46.15384615384615,389918752768.0,27.03928,0.024400001,0.694,169.41,141.45
PGR,0.2653858259042887,0.2411927184030855,44.297082228116714,123095269376.0,21.512793,0.0019,0.329,217.77,111.41
PLD,0.25603769949081073,1.183377497214122,47.48010610079575,105972097024.0,33.467834,0.0335,0.521,137.52,96.64
PRU,0.22564095623997424,0.9829886072087636,43.76657824933687,41954439168.0,19.670033,0.044499997,1.19,121.4,87.95
PTC,0.20371495647531854,1.0233040175877048,44.827586206896555,22327468032.0,78.01674,,0.761,194.24,134.61
PEG,0.18556277735205698,0.5433930354455887,44.03183023872679,36892786688.0,20.518005,0.0324,0.795,75.82,53.71
PSA,0.22870660614612331,0.8401594521727084,48.80636604774536,50902261760.0,26.30972,0.0414,0.599,312.25,233.18
PHM,0.2970761267660936,1.2632337099330253,43.50132625994695,21865050112.0,8.336006,0.0077,5.742,122.72,68.8
PVH,0.420839999564171,1.4123217197994584,49.07161803713528,5795805696.0,9.2560215,0.0014,1.551,141.15,69.27
QRVO,0.33095641097494566,1.3726607133531306,46.41909814323608,11284670464.0,,,1.989,121.65,80.62
QCOM,0.3204455705020643,1.5338744811679665,44.297082228116714,229616992256.0,27.396803,0.0165,2.65,230.63,104.33
PWR,0.2817015449390948,1.2676707722247877,46.41909814323608,36967362560.0,49.03495,0.0014,1.363,286.87,153.74
DGX,0.18814865952409524,0.33718897760619837,51.724137931034484,15602871296.0,18.903095,0.0214,0.97,145.62,119.59
RL,0.2978040816655309,1.0377753291122331,48.80636604774536,10568035328.0,17.35288,0.0196,2.29,192.03,108.6
RJF,0.2517639761898235,0.9974331672092898,45.88859416445623,24771674112.0,14.433576,0.0150999995,2.108,131.19,91.67
RTX,0.2122404226441024,0.4320164471609854,49.602122015915114,133442920448.0,39.51575,0.0251,1.067,108.65,68.56
O,0.19024351082866706,0.6316342816031268,50.92838196286472,46229393408.0,49.157406,0.0594,2.239,64.18,45.04
REG,0.21407507915397359,0.8600936486234666,49.602122015915114,11515204608.0,30.219513,0.0433,0.785,68.47,56.29
REGN,0.21713670152219058,0.50416044483395,45.88859416445623,113957666816.0,30.580425,,5.27,1081.17,688.52
RF,0.32777718677195783,1.380117982310439,47.48010610079575,17867784192.0,10.545946,0.049200002,,21.08,13.72
RSG,0.14400806130444563,0.3077996627867282,43.236074270557026,61377097728.0,34.251316,0.011,0.526,196.76,140.23
RMD,0.3614338115131963,1.068585712969001,46.94960212201592,28608671744.0,29.960001,0.0099,3.042,229.97,132.24
RHI,0.24381015684711843,1.0606355440970718,48.54111405835544,6638061568.0,18.883583,0.0335,1.854,88.39,61.07
ROK,0.2957113089748419,1.3645744246062474,45.88859416445623,30104772608.0,25.838552,0.0189,1.111,348.52,249.0
ROL,0.21808045561443684,0.6253283298624843,43.236074270557026,24420564992.0,56.000004,0.0119,0.717,50.45,32.19
ROP,0.15571389653081363,0.7572860198689247,44.827586206896555,60219236352.0,41.334312,0.0053,0.49,569.5,472.18
ROST,0.2042456852208397,0.7890575763695583,49.07161803713528,48602345472.0,24.58615,0.0101,1.537,151.12,107.3
RCL,0.3460991814723431,1.4744247563301536,43.236074270557026,40347172864.0,19.971975,,0.189,162.5,78.35
SPGI,0.2009372382493467,1.1018811931267392,42.17506631299735,141828177920.0,50.758114,0.008,0.924,461.16,340.49
CRM,0.33540149270723163,1.330627830348693,45.88859416445623,255031115776.0,47.42162,0.0061000003,1.106,318.71,193.68
SBAC,0.2919813817785562,1.0206560433262986,48.275862068965516,20503347200.0,37.41765,0.020499999,0.185,258.76,183.64
SLB,0.3083049787788029,0.7215535006556207,46.94960212201592,65949749248.0,15.38,0.0238,1.374,62.12,42.61
STX,0.33620270266458213,1.272389511872839,47.214854111405835,21427277824.0,,0.0274,0.854,107.91,57.32
SEE,0.33724789615382494,1.2822183330371937,50.397877984084886,4918874624.0,13.676113,0.023699999,1.326,47.12,28.5
SRE,0.18883201623857107,0.5975178872614442,48.80636604774536,48178565120.0,16.84292,0.0326,0.622,78.83,63.75
NOW,0.3213656460364477,1.6184384234588376,38.726790450928384,165634408448.0,86.16132,,1.048,815.32,527.24
SHW,0.23235014552696204,1.095495987654861,46.15384615384615,74974437376.0,31.558167,0.0097,0.781,348.37,232.06
SPG,0.2390605651184838,1.057182674942777,48.275862068965516,54752776192.0,18.610191,0.0548,0.649,157.82,102.11
SWKS,0.3305032958574332,1.561322096608088,50.132625994694955,16936785920.0,19.879473,0.025799999,5.187,115.69,85.06
SNA,0.2233554346010623,0.8284868536005616,45.62334217506631,13461668864.0,13.390142,0.0291,3.815,298.49,249.84
SO,0.1817291989173451,0.41728754080013947,49.3368700265252,85331279872.0,20.217617,0.0369,0.92,80.84,61.56
LUV,0.3426594166757052,0.9396814821920134,49.86737400530504,16122404864.0,42.09375,0.026700001,1.086,39.53,21.91
SWK,0.3250215046597016,1.4414785549000955,52.51989389920424,12245691392.0,,0.040700004,1.087,104.21,76.26
SBUX,0.25143931060792907,0.8393661743589375,50.397877984084886,86141837312.0,20.950413,0.03,0.859,107.66,71.8
STT,0.27030656539275605,1.117818819699351,46.41909814323608,22208815104.0,13.576427,0.0374,,79.9,62.78
STE,0.2513031202991458,0.9269138159520134,46.41909814323608,21752647680.0,39.648647,0.0095,3.081,254.0,195.47
SYK,0.21671743345605202,0.7587947409419501,46.15384615384615,128475389952.0,38.45496,0.0095,1.71,361.41,249.98
SYF,0.31662387581469636,1.2182369528857413,47.48010610079575,18840442880.0,6.7220626,0.021300001,,48.59,27.295
SNPS,0.28421470331140597,1.4097712259275668,44.297082228116714,95193096192.0,67.53261,,1.855,629.38,418.51
SYY,0.1845236209073312,0.5582748667878445,48.80636604774536,34734243840.0,17.012196,0.0292,1.339,82.89,62.24
TMUS,0.16744933461839218,0.2796942553697183,45.09283819628647,210628509696.0,24.386396,0.0145000005,0.938,182.67,131.47
TROW,0.2691719921211285,1.481278888822828,47.745358090185675,25632606208.0,13.616844,0.0432,1.846,132.76,87.43
TTWO,0.26840290279358703,1.0536713752727294,46.41909814323608,26555107328.0,,,0.939,171.59,130.34
TPR,0.32355221619856045,1.0664325265875765,50.132625994694955,9223088128.0,10.647215,0.0349,6.587,48.8,25.99
TGT,0.30808647400064637,0.785204802359614,51.9893899204244,67383074816.0,16.346802,0.0308,0.86,181.86,102.93
TEL,0.2059661136741487,1.1483987665248634,46.15384615384615,45759647744.0,13.621695,0.0174,1.453,153.54,115.0
TDY,0.2175412569120251,0.9248567201649903,45.09283819628647,18090260480.0,20.664682,,1.814,448.19,355.41
TFX,0.28382326135714436,0.9958435790214323,50.663129973474796,10082782208.0,34.2496,0.0064,2.511,262.97,177.63
TER,0.3391318822261968,1.7990582548378404,49.86737400530504,23604133888.0,57.49049,0.0032,3.726,152.67,81.08
TSLA,0.5362292313917132,2.0410575182175794,47.48010610079575,802147532800.0,64.49231,,1.716,299.29,138.8
TXN,0.23599766942970077,1.2382818421798152,48.275862068965516,180994703360.0,30.964172,0.026199998,4.911,206.0,139.48
TXT,0.23423784223054503,0.843741833492851,46.15384615384615,16201787392.0,18.153847,0.00090000004,1.812,97.34,67.01
COO,0.23587942334452422,0.9708481365415558,54.11140583554377,17104408576.0,50.52941,0.0002,1.952,104.07,75.935
HIG,0.20081993451468877,0.5944627394368927,42.44031830238727,29193975808.0,11.242597,0.019,1.916,105.2,68.82
HSY,0.1927288266544088,0.2867965009146248,51.19363395225464,37240467456.0,18.250742,0.0298,0.971,248.93,178.82
MOS,0.3463818358077691,0.9843647474411047,50.663129973474796,8735461376.0,11.51695,0.0309,1.158,42.81,26.67
TRV,0.20540099589879585,0.4808510586183976,45.62334217506631,46226812928.0,14.99777,0.0208,0.333,232.75,157.33
DIS,0.2717019388712942,0.9506574855464424,48.275862068965516,178639683584.0,106.510864,0.0092,0.749,123.74,78.73
TMO,0.21645859475388193,0.8925452787939812,48.80636604774536,206164803584.0,34.599613,0.0029,1.696,603.82,415.6
TJX,0.1605665845428925,0.6276197676203491,45.62334217506631,126169948160.0,27.702232,0.0134000005,1.229,111.79,82.25
TSCO,0.23902520696507804,0.7823940913185188,47.214854111405835,28303360000.0,25.587719,0.0168,1.398,290.38,185.0
TT,0.25634350834449854,1.0532106719303598,41.644562334217504,75076427776.0,35.09841,0.0101,1.129,345.46,184.02
TDG,0.21570172495079254,0.936797266445563,40.58355437665783,71321911296.0,50.49723,,3.706,1369.58,802.46
TRMB,0.28726508347254187,1.199564166666383,46.684350132625994,13648785408.0,58.21875,,1.002,65.55,39.57
TFC,0.37675998502191443,1.5587140510623625,48.275862068965516,51142180864.0,,0.0544,,40.51,26.57
TYL,0.2575509299855921,1.181014787710643,43.50132625994695,21797398528.0,116.15836,,0.944,519.44,361.16
TSN,0.2591118680984586,0.4134083039136651,48.275862068965516,19944519680.0,,0.035,1.769,62.04,44.94
USB,0.3546346928990096,1.5078451249790212,53.315649867374006,60920360960.0,12.9701,0.0502,,45.85,30.47
UDR,0.22914599099071567,0.9909473057224304,48.01061007957559,15406273536.0,29.615942,0.0416,0.33,44.02,30.95
ULTA,0.2862772675881716,0.4960236376861299,50.132625994694955,18609395712.0,15.222482,,1.755,574.76,368.02
UAA,0.39382458353526445,1.4875922014832401,47.745358090185675,2767993600.0,12.307693,,2.457,9.5,6.18
UA,0.3797875239846043,1.4823425075048098,48.54111405835544,2767997952.0,12.076924,,2.457,8.99,5.86
UNP,0.21873356640863553,0.7767644633738684,51.724137931034484,137381167104.0,21.506208,0.0231,0.925,258.66,199.33
UAL,0.3903715944214204,1.2110148288373286,49.86737400530504,15453741056.0,5.738706,,0.755,58.23,33.68
UPS,0.24296992693592678,1.0200967710084932,49.602122015915114,116655472640.0,19.732273,0.0478,1.101,192.98,132.9
URI,0.3745793257079133,1.7103566049622436,47.745358090185675,42582614016.0,17.21287,0.010299999,0.894,732.37,387.01
UNH,0.222705903852865,0.19747472517572884,49.3368700265252,449157103616.0,29.756708,0.0172,0.817,554.7,436.38
UHS,0.24987129190549193,0.83166111761748,46.94960212201592,12109499392.0,15.359083,0.0044,1.383,194.02,119.9
VLO,0.30836986955698387,0.6807953017958651,47.745358090185675,50333982720.0,7.4965653,0.027999999,1.59,184.79,112.16
VTR,0.25231937231353996,0.9364292685911199,48.01061007957559,21230397440.0,,0.0343,0.467,52.63,39.33
VRSN,0.18121480217322605,0.7329659342664985,50.663129973474796,17609279488.0,21.7734,,0.814,225.11,167.05
VRSK,0.19292046335401825,0.6217415584285252,43.76657824933687,39157157888.0,50.265568,0.0057,1.094,275.08,215.32
VZ,0.22229039593750718,0.3598072018941407,46.41909814323608,173715750912.0,15.456928,0.0645,0.708,43.42,30.14
VRTX,0.23057298554080116,0.6062960495364886,42.97082228116711,122464206848.0,30.776264,,3.501,486.43,339.02
VFC,0.5286088391441613,1.5047808166222298,51.19363395225464,5037951488.0,,0.0278,1.223,21.17,11.0
VTRS,0.2572485138115299,0.6952547234427904,48.01061007957559,12287817728.0,,0.0465,1.665,13.62,8.74
V,0.14980824961609188,0.7247764488191369,43.50132625994695,553183543296.0,30.20782,0.0077,1.398,290.96,227.68
VNO,0.5241583099229302,2.0215871458152566,51.19363395225464,5341548032.0,171.53333,,5.466,32.21,17.97
VMC,0.22285256258715047,1.0845680261571935,43.76657824933687,32297261056.0,35.341537,0.0075,2.74,276.58,190.51
WRB,0.21555436911498393,0.3998156095851283,46.94960212201592,20105259008.0,13.968028,0.0061000003,0.396,89.19,57.79
GWW,0.2411728999987036,1.0149527708333612,45.09283819628647,44836499456.0,25.187689,0.009,2.191,1034.18,674.41
WAB,0.20758772921550228,0.8517675220907038,46.15384615384615,27604250624.0,30.506823,0.0050999997,1.522,170.83,98.7
WBA,0.39685845799722497,0.8371068988949142,55.437665782493376,9720476672.0,,0.0888,0.653,31.32,10.85
WMT,0.16103393850832276,0.3448611209417825,44.03183023872679,563369541632.0,30.060087,0.0119,0.803,70.15,49.84667
WM,0.1609718480635431,0.24134121031540842,45.88859416445623,84359790592.0,34.480328,0.0143,0.894,214.54,149.71
WAT,0.29623594163248723,1.0627981861035853,51.45888594164456,16977891328.0,28.087341,,1.936,367.21,231.9
WEC,0.19371436934793992,0.4161493500868408,51.724137931034484,24586821632.0,16.997816,0.0429,0.553,93.37,75.13
WFC,0.25712441893882426,0.9562837911633713,46.94960212201592,207854403584.0,12.420833,0.0235,,62.55,38.39
WELL,0.22227418218824643,0.8898041093648318,45.88859416445623,63666102272.0,123.81396,0.0229,2.738,106.5,77.9
WST,0.30929611378974264,0.919262270296836,50.397877984084886,23613132800.0,42.55409,0.0025,2.611,415.73,310.0
WDC,0.36962352321225905,1.420416978428501,46.94960212201592,25197932544.0,,,1.858,81.55,35.62
WU,0.253340389899677,0.6862850248262753,46.684350132625994,4125248000.0,7.1715975,0.0776,0.263,14.19,10.92
WRK,0.3021743743738172,0.8314570992079889,46.41909814323608,13303641088.0,42.570244,0.0235,1.339,54.83,28.31
WY,0.22620629359821132,1.0272241399077682,48.54111405835544,20011517952.0,24.954546,0.0291,2.236,36.27,26.73
WHR,0.3689267355568409,1.335349105727525,51.724137931034484,5485424128.0,13.810179,0.069699995,0.945,160.62,84.18
WMB,0.18292299647977334,0.6163969947264327,44.03183023872679,51772497920.0,17.409836,0.044699997,0.524,43.22,32.49
WYNN,0.2896083039575264,1.1037588193147523,47.48010610079575,9731125248.0,11.365184,0.0115,1.432,112.25,81.65
XEL,0.2146661353098783,0.4021026609017963,50.663129973474796,29276616704.0,15.822823,0.0416,0.862,65.62,46.79
XYL,0.2181296999561547,0.9966133041031539,45.35809018567639,32550934528.0,46.456745,0.0107,1.67,146.08,87.59
YUM,0.1594815723932824,0.5781437786890443,46.15384615384615,36364320768.0,22.893618,0.0208,1.493,143.2,115.53
ZBRA,0.3892220739861765,1.620019300955654,47.214854111405835,15966238720.0,61.365616,,0.99,328.7,194.59
ZBH,0.20003975923996334,0.6020022939097429,52.51989389920424,22220681216.0,23.4295,0.0089,1.656,144.13,102.0
ZION,0.5576829422264794,2.008729182996775,47.48010610079575,6273861632.0,10.6758795,0.038599998,,46.15,28.51
ZTS,0.260638239240896,1.0325834619631886,49.07161803713528,79833374720.0,33.646156,0.0099,3.331,201.92,144.8
BABA,0.3934983991642289,1.011895228343273,51.724137931034484,178173575168.0,17.33023,0.026800001,1.786,102.5,66.63
TCEHY,0.3582540263261697,0.9983081591613565,51.9893899204244,456981708800.0,29.512196,0.009,1.451,52.1,33.0
TM,0.23891999968621785,0.7351606673973633,44.03183023872679,278079897600.0,9.11479,0.0194,1.19,255.23,157.5
NSANY,0.29915143839396235,0.5987585487449262,45.09283819628647,13025412096.0,5.0729923,0.0367,1.86,9.65,6.54
HMC,0.21340857956646542,0.7326504953876454,44.827586206896555,52159156224.0,7.7446303,0.041199997,1.426,37.9,29.05
PNGAY,0.4037592530966547,1.1714793309368643,51.9893899204244,96801046528.0,7.242188,0.072399996,11.415,14.7,7.6
RNECY,0.3947618430851497,1.3636183451317296,43.76657824933687,35950546944.0,19.056606,0.0091,0.893,10.25,6.41
VWAGY,0.27225755172818844,0.9925732980444574,51.19363395225464,60756955136.0,3.7407408,0.0805,1.162,17.35,11.16
TSLA,0.5362292313917132,2.0410575182175794,47.48010610079575,802147532800.0,64.49231,,1.716,299.29,138.8
NIO,0.6583065578667622,1.8789964263394174,51.45888594164456,10047806464.0,,,1.155,16.18,3.61
GME,1.3311482576916718,1.6792616560507028,52.785145888594165,10305950720.0,302.25,,2.216,64.83,9.95
AMC,1.309759726624857,1.3525762393284941,52.254641909814325,1492719488.0,,,0.607,62.3,2.38
BYND,0.7927423526970585,2.117876483620385,51.9893899204244,461979072.0,,,4.27,19.25,5.58
NKLA,1.2687491492939784,2.390013140126315,54.64190981432361,406513408.0,,,1.73,111.3,7.25
PLTR,0.6812775008764519,2.6208489862605147,48.275862068965516,60638486528.0,226.91667,,5.91,27.5,13.68
SQ,0.501715025836836,2.2304541494113503,49.07161803713528,40588959744.0,109.63332,,1.643,87.52,38.85
SPCE,0.9966793349084577,2.490752823707807,56.233421750663126,169481136.0,,,4.876,86.4,7.54
MARA,1.1804519965065317,3.445787233056358,49.602122015915114,5703814144.0,12.60625,,23.067,34.09,7.16
RKT,0.49180701746481764,2.001445319100618,48.80636604774536,27683088384.0,7.7302995,,4.967,15.81,7.17
FUBO,0.9647472353308548,3.0566970725669402,51.45888594164456,374849984.0,,,0.63,3.87,1.1
WISH,0.9867882057338007,2.719340791453729,56.233421750663126,125645504.0,,,2.018,9.9,3.5518
PENN,0.5283558416836942,1.6878408221444927,52.785145888594165,2990990592.0,,,1.041,29.38,13.5
HOOD,0.4941114708741213,1.7583867339063428,45.88859416445623,19918817280.0,161.89287,,1.101,24.28,7.91
QS,0.834566519459061,2.623795093611303,51.45888594164456,2522636800.0,,,10.38,13.86,4.67
FCEL,0.8235739450148925,2.6776195203683626,55.172413793103445,315475744.0,,,6.552,2.54,0.6
XPEV,0.7650528195581147,1.8869480768919593,51.45888594164456,7584517120.0,,,1.501,23.62,6.551
LI,0.5776094142601021,0.9955149133160839,52.254641909814325,21952759808.0,13.824324,,1.53,47.33,17.75
LCID,0.8055845354387217,2.016112135612751,53.84615384615385,6759949824.0,,,4.663,8.37,2.29
SOFI,0.6353947715164128,2.264005311648751,50.397877984084886,6840212992.0,,,1.238,11.7,6.2
ROKU,0.656434896639361,2.2692988917322334,48.01061007957559,8949949440.0,,,2.583,108.84,51.51
COIN,0.8710065586893154,2.8334999703922006,49.07161803713528,54928871424.0,43.85882,,1.024,283.48,69.63
BMBL,0.46659606179668434,1.395183419789609,50.663129973474796,1629297664.0,54.941177,,1.959,21.055,9.29
DASH,0.417691617657889,1.7584710427845267,46.41909814323608,45373095936.0,,,1.638,143.34,69.9
SNOW,0.5172628255004591,1.9007431608774938,49.602122015915114,47882383360.0,,,1.706,237.72,122.6
UPST,1.043469609168577,3.6159989502677146,50.132625994694955,2038769664.0,,,24.544,72.58,19.84
SE,0.5853309031425509,1.592009978135635,47.48010610079575,41283555328.0,1198.0,,1.459,76.6,34.35
BILI,0.6425351761372055,1.8010807430128624,54.907161803713535,6768958976.0,,,1.025,19.15,8.8
JD,0.48724247864055453,1.4577207242347823,53.58090185676393,40948957184.0,12.275229,0.028399998,1.154,41.953,20.82
PDD,0.5211243923337793,1.425512870822287,49.602122015915114,189136601088.0,18.158667,,2.09,164.69,69.06
SHOP,0.5578612311118306,2.311715668347719,46.15384615384615,87135166464.0,,,7.14,91.57,45.5
PYPL,0.35841406900807676,1.4464229189821685,45.88859416445623,62511943680.0,15.0528965,,1.278,76.54,50.25
ETSY,0.4500927043817479,1.4262316672243842,55.437665782493376,6834734080.0,26.689497,,2.485,102.81,56.6
TWLO,0.4606920165624388,1.5705106012326764,48.80636604774536,9818426368.0,,,6.546,78.16,49.856
DOCU,0.4324722244083777,1.6577483727848008,48.01061007957559,11148832768.0,104.730774,,0.928,64.76,38.11
PTON,0.8153903435739321,2.6406977631986552,52.785145888594165,1283016448.0,,,1.906,9.87,2.7
U,0.6388423266800476,2.475685190893221,53.315649867374006,6140442112.0,,,2.152,50.08,15.23
SNAP,0.6270349160262298,1.8125575330699806,45.09283819628647,26880233472.0,,,3.764,17.9,8.28
ZM,0.34248714633862165,1.513081379312662,50.663129973474796,18018476032.0,21.498154,,4.463,75.905,55.63
NVDA,0.49660656459607644,2.2183453488734863,42.17506631299735,3095204200448.0,73.58479,0.00029999999,3.529,140.76,39.23
AMD,0.4758349750263273,2.098851080424783,47.745358090185675,277843673088.0,249.13043,,2.639,227.3,93.12
MU,0.3933422064651689,1.5149666449728618,49.3368700265252,145923342336.0,,0.0034999999,3.409,157.54,60.58
INTC,0.3843080862397196,1.342647737196458,45.35809018567639,136304975872.0,33.010307,0.0156,1.566,51.28,29.73
MRNA,0.5089000283760449,1.0948653826395853,52.51989389920424,45344956416.0,,,4.034,170.47,62.55
BNTX,0.3462878239936904,0.5740866543157847,57.294429708222815,19300888576.0,160.18,,11.379,125.83,78.02
NVAX,1.26661985182367,1.4066048616517637,54.37665782493368,1752846080.0,,,0.904,23.86,3.53
REGN,0.21713670152219058,0.50416044483395,45.88859416445623,113957666816.0,30.580425,,5.27,1081.17,688.52
VRTX,0.23057298554080116,0.6062960495364886,42.97082228116711,122464206848.0,30.776264,,3.501,486.43,339.02
CRSP,0.5828979869801483,1.8411777643243261,53.05039787798409,4509150720.0,,,17.813,91.1,37.55
EDIT,0.7234543915200837,1.7189169744607327,54.37665782493368,377472448.0,,,4.596,11.69,4.45
NTLA,0.5963279863992788,1.9559223804062134,54.907161803713535,2195780096.0,,,9.029,46.5,19.37
BEAM,0.6706657516946534,1.9078499058792835,52.254641909814325,1899740288.0,,,5.991,49.5,16.95
ARKK,0.37784049522802626,2.1601467566494037,48.275862068965516,,,,,54.52,33.76
ARKG,0.39431804856347114,1.9161320489400944,49.86737400530504,,,,,38.97,21.97
ARKF,0.3395085337338714,2.0127280602892683,44.03183023872679,,,,,30.99,17.37
ARKW,0.3538637098208826,2.0703287331485294,46.94960212201592,,,,,85.0,49.92
ARKQ,0.2401304584332587,1.5371727316009107,47.745358090185675,,31.354513,,,59.835,46.06
SPY,0.12286118511772667,0.9973686086986685,42.70557029177719,,27.939701,,,555.05,409.21
QQQ,0.16994911755438252,1.2740438756691237,42.44031830238727,,40.458633,,,496.6,342.35
DIA,0.10780280521157129,0.7543333334440276,43.50132625994695,,23.299862,,,401.0,323.21
IWM,0.1946788123628347,1.21168891136048,48.01061007957559,,12.80802,,,211.88,161.67
VXX,0.5132300822018898,-2.983311763166508,61.53846153846154,,,,,27.355,10.32
UVXY,0.7590138522472659,-4.40115627611194,61.80371352785146,,,,,104.5,21.61
SQQQ,0.5083911899646673,-3.812426881822067,56.49867374005305,,,,,23.34,7.44
TQQQ,0.5065537622051919,3.8000048746966115,42.17506631299735,,,,,81.85,30.47
SOXL,0.8401868645418111,5.097331595379633,46.15384615384615,,65.603096,,,66.19,14.01
LABU,0.8287051398778353,3.2789212032775414,48.80636604774536,,,,,176.99,48.4
NUGT,0.6140854934237945,1.2202205724493727,49.86737400530504,,22.785519,,,47.07,23.15
JNUG,0.670432486083362,1.476209164512882,51.724137931034484,,26.40251,,,48.2,21.92
DUST,0.6148970646852915,-1.2240597219714104,49.3368700265252,,,,,16.17,6.52
JDST,0.6764442574590895,-1.4826968524483213,46.94960212201592,,,,,92.1,32.0
TNA,0.5819210671747993,3.612331398172302,48.275862068965516,,13.9303875,,,43.84,21.58
FAZ,0.43799131202910413,-2.648781304425531,52.785145888594165,,,,,23.77,9.74
FAS,0.43788668268273157,2.6534229298079977,46.15384615384615,,30.539051,,,113.08,48.73
TECL,0.5534675395463753,3.922447919792197,41.11405835543766,,76.5226,,,107.17,39.02
SOXS,0.8507140111640823,-5.164700811166232,53.05039787798409,,,,,144.2,19.54
LABD,0.8377777910881311,-3.3308831319535828,49.602122015915114,,,,,29.92,5.72
SDOW,0.3224061198209265,-2.253204023882382,53.84615384615385,,,,,29.26,15.57
UDOW,0.32182561044705693,2.2489122674534108,43.76657824933687,,,,,86.12,47.72
TZA,0.5845506847140689,-3.6261496685559425,51.19363395225464,,,,,40.22,16.43
TBT,0.3389453438814106,-0.4143776696627357,49.602122015915114,,,,,44.96,29.22
TMF,0.49981459116473953,0.6241998406826176,49.86737400530504,,,,,78.2,38.3
SH,0.12197107116371765,-0.9882039308127214,51.9893899204244,,,,,15.2,11.21
DOG,0.1074421764880208,-0.753584749619184,52.254641909814325,,,,,34.74,28.19
PSQ,0.1712835090326299,-1.2836334590943919,53.58090185676393,,,,,57.25,39.13
RWM,0.19529608134707357,-1.212891604293863,50.132625994694955,,,,,26.55,19.93
HDGE,0.23329850964976986,-1.3590142266124334,50.663129973474796,,,,,25.94,18.9
MLCO,0.4825371487963589,0.9985171703339671,49.86737400530504,3112080640.0,,,1.362,13.91,6.1
LVS,0.29134672632328,0.9548390836203489,50.397877984084886,31359027200.0,20.333334,0.019,1.302,61.25,41.94
WYNN,0.2896083787058882,1.1037585937919276,47.48010610079575,9731125248.0,11.365184,0.0115,1.432,112.25,81.65
MGM,0.315419628161908,1.4101115081482247,46.684350132625994,13500787712.0,16.427483,,1.508,51.35,34.12
CZR,0.4391472335960252,2.123993333239806,48.275862068965516,8032850432.0,10.502825,,0.685,60.27,31.74
PENN,0.5283558416836942,1.6878408221444927,52.785145888594165,2990990592.0,,,1.041,29.38,13.5
DKNG,0.5061256222099082,2.052348753461728,45.88859416445623,17964937216.0,,,1.344,49.57,25.41
RSI,0.6168196459135558,2.060749135064725,46.94960212201592,1926539392.0,,,1.6,9.82,3.07
GAN,0.9675943366336518,0.9466811635249618,48.01061007957559,64908128.0,,,1.578,2.07,0.83
ACCD,0.7602817221330528,2.1419569187697007,49.86737400530504,288830304.0,,,2.796,15.36,3.48
AFRM,0.9081488426084898,3.8276831365384756,48.275862068965516,8825518080.0,,,20.887,52.48,13.4
AI,0.9600311538163645,3.068623376907478,49.602122015915114,3737050880.0,,,8.838,44.9,20.23
ALIT,0.36502819960305716,1.2595617852982552,50.663129973474796,4012451584.0,,,1.566,10.38,6.33
APPS,0.7618509313940847,2.38112518994814,52.254641909814325,173236832.0,,,1.027,11.46,1.39
ATER,9.24538535950568,0.85670696129863,54.907161803713535,22523266.0,,,1.95,3.95,0.231
BB,0.5895078398074516,1.6906582486521353,50.663129973474796,1475432448.0,,,1.427,5.75,2.2
BBIG,25.064836098149314,6.590480648973292,45.09283819628647,7800.0,8.522728e-05,,1.051,5.87,0.0002
BFLY,0.9852409828079326,2.5844957026197153,52.254641909814325,207758096.0,,,5.134,2.71,0.674
BLNK,0.8354313967839054,2.787263541066184,55.437665782493376,289031584.0,,,2.941,7.25,2.18
BNTX,0.3462878239936904,0.5740866543157847,57.294429708222815,19300888576.0,160.18,,11.379,125.83,78.02
BOWL,0.5081891702079688,0.9752580155149211,50.663129973474796,2121554176.0,25.0,0.0154,1.285,15.47,8.85
BUD,0.2074637324668938,0.6473917772067972,49.602122015915114,118682165248.0,25.64807,0.0146,,67.49,51.66
CCL,0.47722721988304045,1.970547721593939,48.275862068965516,25777309696.0,24.239435,,0.282,19.74,10.84
CHPT,0.827447064687354,2.449858319843598,56.49867374005305,778306368.0,,,2.13,9.23,1.21
CLSK,1.116375091834102,3.0776350408836475,54.11140583554377,3657313280.0,123.46154,,12.499,24.72,3.38
CMCL,0.5070196187808689,0.41001990684956396,49.86737400530504,190079008.0,58.23529,0.056599997,1.244,13.55,8.91
COCP,0.6897073629238419,0.7397313821078048,50.397877984084886,24213646.0,,,10.295,3.29,1.33
CRBP,2.4768327830227985,2.0629190143885867,46.94960212201592,537647872.0,,,4.694,55.41,3.033
CTRM,0.7320847085289965,0.9107471617271562,53.58090185676393,43673956.0,1.6258993,,7.739,6.5,2.85
CYDY,1.1628982295806283,0.6498124791507149,32.09549071618037,143011456.0,,,0.077,0.42,0.13
EBON,1.1466247075592788,1.4504074560772928,54.11140583554377,38814232.0,,,20.939,18.94,5.75
EXPI,0.6025553623334942,2.159664449313047,49.86737400530504,1659959936.0,,0.0187,1.47,25.39,8.91
FCEL,0.8235739450148925,2.6776195203683626,55.172413793103445,315475744.0,,,6.552,2.54,0.6
FRSX,0.787240416324755,0.8253095411368341,51.19363395225464,15326300.0,,,7.523,3.29,0.9
FTFT,3.022470808558871,2.204469818523908,51.19363395225464,10058652.0,,,3.057,2.6,0.41
FUBO,0.9647472353308548,3.0566970725669402,51.45888594164456,374849984.0,,,0.63,3.87,1.1
GILT,0.3569915780647256,0.7965587409916358,51.19363395225464,255432128.0,11.2,,1.997,7.16,4.31
GRWG,0.8483639124131712,2.5046724301020653,53.05039787798409,128095352.0,,,4.831,4.06,1.77
HYLN,0.9375837798218888,2.4773024757881625,51.9893899204244,278457600.0,,,14.669,2.285,0.518
IBIO,2.1443685360379634,1.363352173246118,49.602122015915114,16557465.0,,,1.687,16.0,1.02
IDEX,1.8304552911753866,0.9884186603945992,39.787798408488065,18683680.0,,,0.277,13.75,0.75
INO,0.940800264934538,1.7240505977962213,52.51989389920424,231382560.0,,,4.773,14.75,3.84
ITRM,0.9488363899692356,0.9232259786702142,48.275862068965516,19038134.0,,,1.071,2.5,0.622
JAGX,1.6449150398046828,1.0888119872110777,58.620689655172406,17552336.0,0.110802464,,1.893,41.76,3.06
JMIA,0.879110467051989,3.3267156057564016,49.602122015915114,864908096.0,,,1.265,10.55,2.225
KNDI,0.4180078652873895,0.70780080680189,49.3368700265252,175589984.0,Infinity,,4.481,3.96,1.76
KXIN,1.7150107102924348,2.0663578094368935,57.55968169761273,7765805.0,,,0.278,5.52,0.106
LI,0.5776094142601021,0.9955149133160839,52.254641909814325,21952759808.0,13.824324,,1.53,47.33,17.75
LMND,0.8125174453533391,2.5602237886816366,53.315649867374006,1151996160.0,,,1.479,24.81,10.265
LPCN,0.898313239501061,0.7845420314528972,50.397877984084886,38986484.0,,,16.988,11.79,2.31
MARA,1.1804519965065317,3.445787233056358,49.602122015915114,5703814144.0,12.60625,,23.067,34.09,7.16
MDRR,0.4913579809402731,-0.03361809809356346,48.275862068965516,13431023.0,,0.013300001,3.545,14.945,8.2376
MOGO,0.7269644705944097,1.6622847729947907,53.05039787798409,37511164.0,,,3.368,2.955,0.95
NCTY,1.1575986315585907,2.0565868930222573,47.214854111405835,79983584.0,,,1.368,14.7,3.33
NIO,0.6583065578667622,1.8789964263394174,51.45888594164456,10047806464.0,,,1.155,16.18,3.61
NKLA,1.2687491492939784,2.390013140126315,54.64190981432361,406513408.0,,,1.73,111.3,7.25
NNDM,0.49565893211117384,1.2331623437415922,48.01061007957559,537133120.0,,,27.323,3.35,2.06
NNVC,0.9609686028713801,0.28062077414673037,45.88859416445623,20674500.0,,,4.323,3.59,1.0
NVAX,1.26661985182367,1.4066048616517637,54.37665782493368,1752846080.0,,,0.904,23.86,3.53
OCGN,0.9252635705865219,2.0053907127216846,49.86737400530504,440075360.0,,,1.869,2.105,0.345
OPGN,2.0337275173252385,0.40787621078150255,55.437665782493376,3587786.0,,,0.138,38.4,1.65
ORGO,0.8609555016566307,1.9014958803869422,47.745358090185675,368550144.0,69.5,,2.744,4.705,1.96
OSUR,0.5457236969501497,0.9313576904198052,49.86737400530504,290660032.0,13.099999,,11.974,8.45,3.915
OXBR,0.9420271817375732,1.0156609267278582,47.214854111405835,13575052.0,,,6.425,2.899,0.87
PHUN,3.936336448965732,0.45481024669165576,54.64190981432361,44917448.0,,,2.768,24.55,3.5
PLUG,0.9313256650607473,2.4229119065516653,57.02917771883289,1926940544.0,,,1.938,13.44,2.21
POLA,0.9216837255718663,0.6626615529434547,45.35809018567639,7902720.0,,,1.857,1.58,0.32
PRPO,0.6928973849367907,0.2560006970728236,48.80636604774536,7498034.0,,,0.78,8.99,4.65
RBLX,0.5833220686541983,1.7378887407376764,45.09283819628647,24754348032.0,,,1.073,47.2,24.88
RCMT,0.47226533262131637,0.6796334955662495,48.275862068965516,140337808.0,8.916257,,1.43,32.15,14.4
RIOT,0.988107000492855,2.850737991256743,52.254641909814325,2783887360.0,22.952383,,8.474,20.65,7.8
RKT,0.49180701746481764,2.001445319100618,48.80636604774536,27683088384.0,7.7302995,,4.967,15.81,7.17
SAVA,0.7756730894720488,1.4601918628939758,57.824933687002655,490076896.0,,,1.738,32.1,8.79
SHIP,0.5069209327743257,0.5376129870070748,48.275862068965516,220680416.0,12.494117,0.0094,,13.19,4.87
SLS,1.0142244395296987,1.2022459236103555,48.01061007957559,69883432.0,,,1.489,1.91,0.5
SNAP,0.6270349160262298,1.8125575330699806,45.09283819628647,26880233472.0,,,3.764,17.9,8.28
SNDL,0.7033439708537055,1.6898231868526237,48.80636604774536,512712896.0,,,4.217,2.93,1.3
SOL,0.6207144812232405,1.705751676361484,53.05039787798409,92223216.0,,,3.646,4.28,1.46
SONN,1.1481597197230589,0.8828186039433356,51.19363395225464,2832284.0,0.32384342,,1.889,10.56,0.87
SOS,1.3360105558495743,2.0837531735113304,52.51989389920424,14381816.0,,,7.403,9.5,0.75
SPCE,0.9966793349084577,2.490752823707807,56.233421750663126,169481136.0,,,4.876,86.4,7.54
SPI,0.7661444037153706,1.3301058225263047,53.84615384615385,14158189.0,,,0.414,1.57,0.43
SRNE,52.5166867267892,1.2284176766157324,52.51989389920424,6064091.0,,,0.405,0.419,0.0001
STAF,0.892475453042878,0.005700523206989202,46.94960212201592,1496989.0,,,0.387,10.2,1.91
SUTI,3.5486023153506827,-0.7361157427251506,8.488063660477453,445381.0,,,0.645,0.0002,0.0001
TELL,1.128062747894134,1.6629671357604183,50.132625994694955,540286272.0,,,0.462,1.76,0.36
TNXP,1.278787690708256,1.190964075689261,45.62334217506631,7867055.0,,,1.47,60.16,0.6
TOPS,0.8297960583987013,0.879159346624894,49.602122015915114,51165772.0,,,0.936,18.97,5.51
TTNP,0.7736448867985919,0.26395537424911003,43.50132625994695,4708305.0,,,11.826,14.0,5.0
UAVS,0.8952784219728862,1.5607821160588247,38.726790450928384,5399901.0,,,0.826,5.4,0.43
UWMC,0.471704571603729,1.3712613548273103,46.15384615384615,10832067584.0,84.75001,0.059,3.722,7.785,4.49
UXIN,1.0221306479570185,0.646998037765005,54.37665782493368,367420768.0,,,0.267,18.9,1.5
VERU,1.0696317079148898,1.5492764366146612,49.602122015915114,139416128.0,,,4.718,1.92,0.36
VISL,0.7506442863324967,0.5713243513344131,49.3368700265252,10766457.0,,,4.795,6.35,2.31
VSTM,1.366698894347501,1.9534472178555624,49.86737400530504,69392144.0,,,4.403,14.22,2.7
VUZI,0.7745960461538256,2.3726644017374263,53.84615384615385,78318584.0,,,9.406,6.06,1.1
WKHS,0.9113514198531791,2.2705668296474335,57.294429708222815,25140410.0,,,1.586,27.2,1.285
WORX,1.554369555549247,0.7168954010092111,56.76392572944297,1925553.0,,,0.176,6.825,1.14
XELA,1.3570616402122593,1.5712851689919916,56.233421750663126,14894918.0,0.0012003939,,0.412,6.59,1.83
XERS,0.7316234821884103,1.641498585623052,52.785145888594165,312820160.0,,,2.371,3.26,1.46
XPEV,0.7650528195581147,1.8869480768919593,51.45888594164456,7584517120.0,,,1.501,23.62,6.551
ZOM,0.6725294674927107,1.308782133511829,49.602122015915114,144702752.0,,,11.497,0.245,0.12
ZKIN,0.962382424380496,0.43110943566244797,51.9893899204244,16941638.0,,,1.682,1.35,0.41
ZLAB,0.7529208500844157,1.350703151387015,54.11140583554377,1716715136.0,,,4.626,32.6,13.48
ZYXI,0.5840636884224677,1.1976881274320863,48.275862068965516,283434784.0,38.782608,,3.585,13.77,6.88
ACAD,0.5509714809313252,0.9778265268439474,53.84615384615385,2665014528.0,Infinity,,2.043,33.99,14.55
AFMD,0.9966072920116446,1.239571969907247,55.437665782493376,76518192.0,,,3.06,8.95,2.24
AGEN,0.9898248594147131,1.667086492608917,50.92838196286472,317719424.0,1.3043103,,0.236,38.6,4.78
AIM,0.9220199546126588,1.264059958664674,41.644562334217504,21597672.0,,,1.145,0.75,0.31
ALDX,1.003263010947895,1.17582653142114,51.9893899204244,189532256.0,,,6.498,8.38,1.42
ALGN,0.49679217348949084,1.8743305590710952,50.132625994694955,18338621440.0,40.131794,,1.226,413.2,176.34
ALKS,0.3413660094115943,0.5312265735151087,51.9893899204244,4110377984.0,7.229167,,3.2,32.88,22.01
ALT,1.056385217494432,1.3332430822594978,53.05039787798409,469372544.0,,,16.546,14.84,2.09
AMRN,0.7846625421005515,1.9564004529453505,47.48010610079575,302605024.0,,,3.066,1.49,0.63
ANAB,0.555120928697702,0.5497913930201072,50.92838196286472,676135360.0,,,11.531,27.5,13.36
ARCT,0.7751276331801601,1.8473660664093734,51.19363395225464,577687104.0,,,3.256,45.0,17.52
ARWR,0.6224266350017185,1.2714776503294198,53.315649867374006,3175793920.0,,,8.311,39.83,20.67
ASMB,0.8505827967600719,1.139563707794988,46.684350132625994,83824848.0,,,3.023,20.04,7.68
ASND,0.5079054968892576,0.5399280421877005,49.86737400530504,7759966208.0,,,0.831,161.0,85.285
ASRT,0.8888525792433178,1.845872043021698,48.80636604774536,136979424.0,,,1.866,5.78,0.73
ATOS,0.7440395168816855,0.8731923077877533,43.76657824933687,137075136.0,,,16.339,2.31,0.62
AVXL,0.6609865012071255,1.6504148739013242,55.172413793103445,354647904.0,,,15.12,10.45,3.25
AXSM,0.45320499086520755,0.8989990120797727,48.80636604774536,3895605248.0,,,3.197,98.4,55.02
BLUE,1.0342564223009014,1.7722518050823017,49.602122015915114,177958688.0,,,1.554,5.53,0.85
BPMC,0.5483889856209205,1.1947005787445695,47.214854111405835,6994307584.0,,,3.759,111.99,43.89
BTAI,1.2371462773857715,0.731868969785542,53.05039787798409,39407340.0,,,2.57,12.4,1.035
CLLS,1.5706287983562117,2.1922659652980725,52.254641909814325,204191760.0,,,1.63,3.774,0.963
CLSD,0.826847507843041,1.5146790688931133,49.07161803713528,95655808.0,,,6.07,2.12,0.65
CNSP,2.481108153293046,-0.1544722930302311,57.02917771883289,1760789.0,,,0.263,137.5,1.2
COCP,0.6897073629238419,0.7397313821078048,50.397877984084886,24213646.0,,,10.295,3.29,1.33
CRDF,1.0330773613814002,0.9576685532413419,49.07161803713528,98869216.0,,,5.91,6.42,0.94
CRMD,0.6589790341802355,1.418331748565841,51.45888594164456,226432304.0,,,6.651,7.0,2.57
CRVS,0.9849670426223714,1.8229590365050246,48.54111405835544,113843368.0,,,3.4,3.16,1.05
CYCC,1.2755031922219038,0.021377282434032967,49.86737400530504,2355848.0,,,0.579,13.2,1.3
CYTK,0.881269280781477,1.3004960726184047,51.724137931034484,6504883712.0,,,7.188,110.25,25.98
DARE,0.9041323274069033,0.609448906161363,51.724137931034484,26536892.0,,,0.563,10.944,3.05
DERM,1.1441433293105714,0.08220351661897428,47.48010610079575,104267208.0,,,1.207,8.11,1.6
DRRX,1.1767488305711329,1.9535147831544304,51.45888594164456,40661612.0,,,1.054,5.28,0.47
EIGR,2.2895870233259337,1.0362764201142607,51.9893899204244,2552120.0,,,3.306,43.35,1.1
ELOX,2.35953993302117,0.7217219164639204,54.907161803713535,2357542.0,,,0.24,10.5,0.4
ENTA,0.6011242705843636,1.0694829599303146,55.437665782493376,283592160.0,,,6.428,20.185,8.08
EPIX,0.7935518294034333,0.8884767618165126,47.48010610079575,222702256.0,,,32.891,11.67,2.58
ETNB,0.7595341667700547,0.8166160637358693,51.45888594164456,739847680.0,,,15.031,19.61,6.575
EXEL,0.2640756890919082,0.32392518481689875,45.35809018567639,6437575168.0,34.0,,3.465,24.34,18.64
FATE,0.9777992315215478,1.7761797952347202,55.172413793103445,360847456.0,,,8.693,8.83,1.63
FBIO,1.1038842500911799,1.3856018167049282,46.94960212201592,36741780.0,,,1.329,10.35,1.24
FENC,0.5004977823391359,0.633500100264565,51.45888594164456,159925472.0,145.25,,6.931,11.92,5.66
FGEN,1.439249611111344,2.4544743469350965,50.92838196286472,71781448.0,,,1.414,2.93,0.333
FOLD,0.4162596970462967,0.8992584415104178,50.132625994694955,2967914240.0,,,3.035,14.57,9.02
GALT,0.7264665700724715,0.8742196419791287,48.01061007957559,128025080.0,,,2.015,4.27,1.35
GILD,0.2268902562916369,0.3998300759617475,51.724137931034484,83085737984.0,185.25,0.0462,1.079,87.87,62.07
GLPG,0.2545604635106657,0.6041684328971387,53.84615384615385,1653358208.0,49.19608,,9.907,44.25,24.78
GMDA,1.6106017857706585,0.1457051382132549,54.57142857142857,4337295.0,,,3.317,2.51,0.008
GOSS,1.0056493679349636,1.9085857965675956,53.05039787798409,244316544.0,,,7.127,1.88,0.453
GRTS,1.0294541380968985,2.1814907033385484,53.58090185676393,62959164.0,,,2.004,3.33,0.52
GTHX,1.1639499956802166,1.7573508554815698,51.45888594164456,131226312.0,,,2.94,6.14,1.08
HALO,0.39614665044809005,0.7857170597291214,49.3368700265252,6562247680.0,21.39419,,6.636,53.22,32.83
HCM,0.6836007430341607,1.4978271916714225,49.86737400530504,3152026112.0,30.766665,,2.722,21.92,11.934
HRTX,1.1012841955520605,1.7439536119344545,49.86737400530504,432374080.0,,,2.466,3.93,0.5
IMMP,0.7862147652421644,0.622428083176109,44.56233421750663,288136576.0,,,17.24,3.34,1.58
IMUX,0.8415286793688137,2.080655409610733,48.275862068965516,97285320.0,,,5.094,2.82,0.945
INO,0.940800264934538,1.7240505977962213,52.51989389920424,231382560.0,,,4.773,14.75,3.84
INSM,1.0570894342849988,0.7046284127076399,49.3368700265252,11418330112.0,,,1.803,70.65,19.74
IOVA,0.8710810633195213,1.55728713410551,54.64190981432361,2037184256.0,,,4.633,18.33,3.21
ITCI,0.41197516402838674,0.791287570956204,49.3368700265252,7343796736.0,,,5.123,84.89,45.5
KALA,1.1420224618399422,1.46859940660874,56.76392572944297,30766480.0,,,4.216,15.94,4.21
KNSA,0.49669199462686103,0.8543122463497292,50.397877984084886,1376153472.0,148.92308,,4.214,22.09,13.56
KPTI,0.9560879785309994,1.7480872926279614,53.84615384615385,102023120.0,,,3.036,1.95,0.617
KRYS,0.5926761888201341,0.7988076259156682,46.15384615384615,5264455168.0,84.55963,,12.655,191.78,93.95
KURA,0.6283746201463797,0.9255504001121378,50.397877984084886,1524373760.0,,,16.669,24.17,7.41
LIFE,0.5771167713791908,0.757083817083796,49.07161803713528,131120704.0,,,6.065,2.45,1.0801
LXRX,0.8904520216257642,1.5799139706978844,50.397877984084886,603691648.0,,,15.584,3.73,0.92
MCRB,1.1079175812595037,1.1737709644675698,51.9893899204244,122975776.0,,,1.677,5.29,0.54
MDGL,0.5861533240055868,0.8719485430312244,50.663129973474796,5893694976.0,,,9.393,299.98,119.76
MESO,1.1353698032822006,0.9191945988719626,46.41909814323608,883319744.0,,,2.715,10.24,1.61
MGTX,0.7189467077510341,1.4764323732682147,53.315649867374006,258512528.0,,,3.14,7.6,3.49
MRSN,1.2081615311092013,1.366039186875473,48.54111405835544,223920640.0,,,3.512,6.28,0.801
MTEM,0.8585652778078738,0.34026632240821436,48.80636604774536,7834817.0,,,1.246,9.45,1.01
NAII,0.45598013506142776,0.47353806724516373,51.45888594164456,34352820.0,,,3.983,7.62,5.06
NBIX,0.2651273416223837,0.3670175163526962,49.07161803713528,14004644864.0,37.712738,,2.523,148.37,93.84
NERV,1.3074490829970518,1.4587557482015943,53.84615384615385,21679570.0,,,12.583,13.49,2.26
NVCR,0.9607743197950253,1.1104841571504125,55.172413793103445,1805712640.0,,,6.258,42.69,10.87
NXTC,0.7189597683310023,0.8325490245880369,46.15384615384615,41680216.0,,,10.701,2.57,0.98
OCUL,0.8987878314331886,2.037194509657141,50.397877984084886,1033109568.0,,,21.394,11.31,1.995
ONCY,0.7748387064918898,1.133678358019929,50.663129973474796,77682392.0,,,8.136,3.37,0.88
OPK,0.660464725248836,1.3727104894502011,47.214854111405835,878209920.0,,,1.915,2.22,0.85
OTLK,1.3020990939529051,0.6488388911903913,49.602122015915114,171328992.0,,,1.069,37.0,4.0
OVID,0.8438706241459625,0.850503125691373,44.827586206896555,52889200.0,,,10.465,4.139,0.68
PACB,0.8679705542297292,2.359446430346835,50.132625994694955,356786336.0,,,9.281,14.55,1.16
PBYI,0.7037672777901234,1.0954771358691433,51.9893899204244,142304752.0,9.21875,,1.457,7.73,2.13
PDSB,0.8191698888143749,2.4827968272396004,53.84615384615385,114439408.0,,,4.56,6.85,2.53
PIRS,1.0547578367598966,1.1168786432927882,51.19363395225464,11090015.0,,,3.916,41.76,8.06
PRQR,0.7486719560349024,0.6068042670091385,48.01061007957559,138825744.0,,,3.113,3.29,1.11
PRTA,0.62119027263434,1.2672100431164541,54.37665782493368,1089416704.0,,,13.079,73.135,18.69
PTCT,0.643735611712727,1.3357579701400821,53.84615384615385,2372229120.0,,,2.034,42.14,17.53
RIGL,0.8561368527723247,1.6001791719612122,51.724137931034484,136603584.0,,,1.264,17.3,7.1
RMTI,0.9648163664962928,2.098431838180477,48.275862068965516,52143004.0,,,1.786,6.24,1.16
RVNC,0.8709776308712734,1.6235795426229813,56.76392572944297,278878848.0,,,5.365,25.33,2.3
SAVA,0.7756730894720488,1.4601918628939758,57.824933687002655,490076896.0,,,1.738,32.1,8.79
SGMO,1.1244341336092734,1.6762161151752888,53.05039787798409,66921972.0,,,1.706,1.67,0.29
SRPT,0.6569647190043717,0.6237318771806037,50.92838196286472,14342095872.0,361.2619,,4.049,173.25,55.25
SWTX,0.596667733358459,1.2517211179132663,50.92838196286472,2724156928.0,,,6.846,53.92,18.0
SYBX,8.509159491838366,3.4246287658547905,51.19363395225464,17209290.0,,,3.194,5.708,0.234
TCON,1.434631049163573,1.0853571093213472,54.64190981432361,2491507.0,0.008740601,,0.804,14.74,0.66
TNXP,1.278787690708256,1.190964075689261,45.62334217506631,7867055.0,,,1.47,60.16,0.6
TRVN,3.3253648781947027,0.703451339892258,53.84615384615385,3974494.0,,,3.605,1.12,0.191
TSHA,1.882485131491627,2.441439521766667,50.663129973474796,416854528.0,,,3.38,4.32,0.62
TTNP,0.7736448867985919,0.26395537424911003,43.50132625994695,4708305.0,,,11.826,14.0,5.0
TTOO,1.9240382534824816,1.2032492086692714,55.172413793103445,80893312.0,0.04312227,,0.277,70.0,2.6
TUP,1.6310621704426993,2.4828341540740277,52.785145888594165,61420396.0,,,0.409,5.91,0.61
TXMD,0.5781126269099085,0.9072887599169093,50.397877984084886,17413924.0,,,1.782,4.35,1.43
UBX,0.9451774284679874,1.4308215694279385,48.275862068965516,21994376.0,,,4.982,3.25,1.22
VBIV,1.2708908099018135,1.7440350116880388,45.35809018567639,21052808.0,,,0.34,1.54,0.45
VCEL,0.45466289689222555,1.383649408195153,46.684350132625994,2268727296.0,4668.0,,5.202,53.05,30.18
VIR,0.6325199220666707,1.4273494400247757,53.315649867374006,1160583296.0,,,12.896,24.46,7.61
VKTX,1.3717490134670332,1.0033463898081243,50.663129973474796,5653440512.0,,,29.485,99.41,8.28
VSTM,1.366698894347501,1.9534472178555624,49.86737400530504,69392144.0,,,4.403,14.22,2.7
VYGR,0.6797125217625999,1.286223321056959,50.663129973474796,409039872.0,,,5.639,11.72,6.06
WSTL,0.3177655223634675,0.09896506391398655,32.94117647058823,15105289.0,,,8.028,1.54,1.11
XAIR,0.9354935766664765,1.1150085087452504,54.11140583554377,27081470.0,,,3.798,4.24,0.535
XBIT,0.7399235735240076,0.4586371345543928,51.19363395225464,173607744.0,,,12.027,9.96,3.51
XBIO,0.8150995022093535,0.4178136576987503,47.48010610079575,6178127.0,,,11.69,5.97,2.87
XERS,0.7316234821884103,1.641498585623052,52.785145888594165,312820160.0,,,2.371,3.26,1.46
XTNT,0.7475853595854061,0.1658394796647454,43.50132625994695,85743056.0,Infinity,,2.34,1.45,0.6
ZYME,0.4702011175305441,0.8344038334904362,51.45888594164456,627859456.0,,,6.922,13.14,6.015
